generation,N_shifts,eventRate
1,1,0.599193
10001,0,0.00771798
20001,0,0.762441
30001,1,0.614495
40001,0,1.53448
50001,2,1.3374
60001,1,1.00967
70001,1,0.498192
80001,2,2.77011
90001,3,0.36958
100001,0,0.786501
110001,0,1.14776
120001,1,2.42114
130001,1,0.780775
140001,0,2.57723
150001,0,0.516129
160001,0,1.92518
170001,2,0.723207
180001,2,0.286992
190001,1,0.685839
200001,0,0.982606
210001,0,1.37216
220001,0,1.27296
230001,3,0.298589
240001,3,3.21171
250001,1,1.92022
260001,1,0.76213
270001,1,0.461186
280001,0,0.184432
290001,1,2.45096
300001,0,0.145124
310001,0,0.826141
320001,2,0.931361
330001,1,0.818502
340001,3,2.28229
350001,1,1.06993
360001,0,0.774966
370001,0,1.51453
380001,1,0.156957
390001,0,0.581982
400001,1,3.12691
410001,2,4.27872
420001,1,0.507916
430001,0,0.101334
440001,0,0.034343
450001,0,0.213365
460001,0,0.139154
470001,0,0.303404
480001,3,2.28527
490001,0,0.0687034
500001,0,0.840651
510001,0,0.297093
520001,1,0.158771
530001,0,0.126387
540001,0,1.50641
550001,0,0.475597
560001,1,0.488114
570001,0,0.67814
580001,1,3.37604
590001,1,2.63899
600001,1,1.79522
610001,0,0.0145933
620001,2,0.913722
630001,1,1.04384
640001,1,0.504621
650001,0,0.0765303
660001,2,2.37005
670001,2,1.31017
680001,0,0.285291
690001,2,0.893736
700001,0,0.622972
710001,1,1.34241
720001,3,0.858843
730001,3,3.35326
740001,1,0.933609
750001,4,4.11212
760001,0,0.0222005
770001,1,1.462
780001,0,1.51996
790001,1,1.55493
800001,0,1.91425
810001,1,0.346238
820001,1,0.0104918
830001,1,2.53673
840001,1,0.0963085
850001,0,0.0773062
860001,0,0.111331
870001,0,0.464967
880001,0,0.504471
890001,1,1.67084
900001,1,0.632592
910001,0,2.19429
920001,0,0.360545
930001,0,0.63253
940001,2,2.37257
950001,0,0.803043
960001,1,0.163314
970001,0,0.0384408
980001,0,0.097378
990001,0,0.683799
1000001,1,1.31242
1010001,0,0.206524
1020001,0,1.64097
1030001,1,1.1928
1040001,2,0.630111
1050001,2,2.00992
1060001,0,1.15988
1070001,0,0.000284247
1080001,0,0.514086
1090001,1,0.492615
1100001,0,1.03714
1110001,4,1.02562
1120001,2,0.871361
1130001,1,0.513102
1140001,0,0.0804568
1150001,0,0.042537
1160001,1,0.694487
1170001,0,0.418288
1180001,0,0.0241486
1190001,0,0.182779
1200001,0,0.305862
1210001,2,1.99679
1220001,2,2.26896
1230001,1,0.571406
1240001,1,2.80076
1250001,2,2.68916
1260001,5,4.07016
1270001,0,0.119347
1280001,1,0.256379
1290001,0,0.465991
1300001,0,0.974038
1310001,1,0.377089
1320001,1,0.318732
1330001,2,1.02757
1340001,0,0.45272
1350001,3,2.22618
1360001,0,0.819031
1370001,0,0.311982
1380001,0,0.190207
1390001,0,0.0378475
1400001,0,0.473289
1410001,2,2.88325
1420001,0,0.0769322
1430001,0,0.755841
1440001,2,1.6259
1450001,1,0.807355
1460001,1,1.31239
1470001,2,1.39494
1480001,1,0.23984
1490001,1,0.213365
1500001,0,0.0708639
1510001,1,0.927857
1520001,0,0.41064
1530001,2,1.75004
1540001,0,0.257582
1550001,2,0.539499
1560001,0,0.316821
1570001,1,1.71151
1580001,1,0.537284
1590001,0,0.0686816
1600001,0,0.0407559
1610001,0,0.0252755
1620001,0,1.20949
1630001,1,1.60583
1640001,0,1.47567
1650001,1,0.990949
1660001,2,3.13074
1670001,0,0.171646
1680001,0,0.755963
1690001,2,1.60422
1700001,1,1.9179
1710001,0,0.0862837
1720001,1,0.499376
1730001,0,0.262283
1740001,1,0.180979
1750001,3,0.133887
1760001,1,0.125937
1770001,0,0.236142
1780001,1,0.968648
1790001,0,0.884127
1800001,0,0.448194
1810001,1,0.946292
1820001,0,1.87084
1830001,0,0.292536
1840001,0,0.354797
1850001,2,1.24417
1860001,1,0.306679
1870001,2,2.6266
1880001,0,0.478852
1890001,1,1.93987
1900001,0,0.295816
1910001,0,0.417267
1920001,1,0.320832
1930001,1,1.99475
1940001,0,1.28524
1950001,1,0.753646
1960001,1,1.94669
1970001,2,1.65778
1980001,2,0.742364
1990001,0,0.902251
2000001,1,3.74182
2010001,0,0.824259
2020001,1,0.539503
2030001,0,0.0340106
2040001,1,1.99763
2050001,0,0.00357608
2060001,2,1.79222
2070001,4,0.750101
2080001,1,0.793667
2090001,1,0.398146
2100001,0,1.07021
2110001,0,1.03025
2120001,3,2.58404
2130001,0,0.190319
2140001,2,3.74952
2150001,1,0.276285
2160001,0,1.00567
2170001,2,1.37812
2180001,1,2.40535
2190001,1,1.04083
2200001,4,1.15331
2210001,1,1.32038
2220001,1,0.837398
2230001,0,0.26069
2240001,0,0.370559
2250001,1,0.129615
2260001,1,1.39281
2270001,0,0.0518087
2280001,0,0.00022418
2290001,1,2.51752
2300001,0,1.08033
2310001,1,1.55043
2320001,1,0.885257
2330001,1,0.891259
2340001,2,1.54733
2350001,1,0.159078
2360001,0,0.258446
2370001,0,0.199504
2380001,1,0.585629
2390001,3,1.1943
2400001,1,0.292698
2410001,1,0.83757
2420001,0,0.252204
2430001,1,0.419091
2440001,0,0.155079
2450001,3,1.82124
2460001,0,0.113699
2470001,0,0.259572
2480001,0,0.0933284
2490001,1,1.83367
2500001,0,1.02431
2510001,2,1.03932
2520001,2,1.25863
2530001,0,0.109526
2540001,1,0.568972
2550001,2,1.82326
2560001,1,1.30147
2570001,0,0.123058
2580001,2,0.372985
2590001,3,2.15018
2600001,0,0.748754
2610001,1,0.931993
2620001,1,2.05262
2630001,1,1.47447
2640001,1,0.37672
2650001,2,0.669764
2660001,0,0.584406
2670001,1,0.65536
2680001,2,0.835633
2690001,1,0.169191
2700001,2,4.15133
2710001,3,0.709727
2720001,2,3.12896
2730001,1,0.974003
2740001,1,1.06908
2750001,0,0.174904
2760001,0,0.117051
2770001,0,0.291555
2780001,0,0.0400229
2790001,0,0.250041
2800001,0,0.803769
2810001,0,0.337159
2820001,1,0.463485
2830001,2,2.70263
2840001,0,0.742878
2850001,1,1.10785
2860001,3,1.985
2870001,0,0.277287
2880001,0,0.177411
2890001,0,0.0119128
2900001,3,2.99231
2910001,1,0.482005
2920001,3,3.46141
2930001,2,0.620704
2940001,1,0.935046
2950001,2,4.58697
2960001,0,1.69129
2970001,3,2.21418
2980001,1,1.02172
2990001,1,0.994352
3000001,1,0.286318
3010001,1,0.677532
3020001,0,0.226977
3030001,0,0.941591
3040001,0,0.0905041
3050001,1,3.73108
3060001,3,0.937481
3070001,0,0.586157
3080001,0,0.327824
3090001,1,0.401259
3100001,1,0.295558
3110001,0,0.248686
3120001,1,0.206528
3130001,0,0.668962
3140001,1,1.59659
3150001,1,0.382918
3160001,1,0.245694
3170001,1,0.195263
3180001,1,2.54617
3190001,0,0.00117349
3200001,1,1.40756
3210001,2,0.847462
3220001,0,0.0721279
3230001,1,1.76701
3240001,2,0.541287
3250001,3,2.12383
3260001,1,1.34409
3270001,0,0.151919
3280001,0,0.0556407
3290001,0,0.273458
3300001,0,0.780277
3310001,0,0.391888
3320001,1,0.531037
3330001,0,0.23299
3340001,0,0.378183
3350001,1,0.240062
3360001,1,4.3424
3370001,1,0.0965267
3380001,2,0.785861
3390001,2,0.930484
3400001,1,1.69917
3410001,1,1.04269
3420001,0,0.0567817
3430001,0,2.8932
3440001,1,0.951279
3450001,1,0.150646
3460001,0,0.939479
3470001,0,0.274922
3480001,1,1.15484
3490001,1,0.834031
3500001,1,0.76267
3510001,2,1.06118
3520001,0,0.322272
3530001,0,0.440564
3540001,0,0.636015
3550001,3,0.665513
3560001,4,0.554652
3570001,1,1.97107
3580001,1,1.70148
3590001,0,1.8336
3600001,0,0.477926
3610001,3,0.793539
3620001,2,2.86108
3630001,1,0.124021
3640001,0,0.48593
3650001,0,1.71417
3660001,2,1.08348
3670001,4,3.32133
3680001,0,0.958936
3690001,0,0.224021
3700001,1,1.47028
3710001,0,0.415889
3720001,1,0.307275
3730001,1,0.481376
3740001,1,1.06806
3750001,1,0.27822
3760001,0,0.133972
3770001,1,0.361482
3780001,0,0.0161846
3790001,4,3.2585
3800001,2,0.225375
3810001,0,0.949354
3820001,2,0.594924
3830001,0,0.691692
3840001,0,0.0709386
3850001,1,1.00639
3860001,6,3.30292
3870001,0,0.262273
3880001,1,0.704224
3890001,2,1.86033
3900001,0,0.420866
3910001,0,0.33526
3920001,0,0.30767
3930001,3,1.212
3940001,2,0.464685
3950001,2,0.356845
3960001,0,1.09449
3970001,0,0.729053
3980001,1,1.64665
3990001,1,2.51974
4000001,0,0.176716
4010001,0,0.772645
4020001,1,1.12919
4030001,3,0.520442
4040001,1,0.708024
4050001,1,0.443433
4060001,1,0.301976
4070001,1,0.0825419
4080001,1,0.574685
4090001,1,1.70862
4100001,1,0.486468
4110001,0,1.16548
4120001,3,1.87471
4130001,3,1.32532
4140001,0,1.30877
4150001,2,3.04119
4160001,0,0.51939
4170001,0,0.137772
4180001,2,1.40543
4190001,2,1.77584
4200001,0,0.21176
4210001,1,0.829794
4220001,0,1.79228
4230001,1,0.995951
4240001,0,0.40472
4250001,2,0.753708
4260001,0,1.11374
4270001,3,2.66921
4280001,0,0.00865684
4290001,0,0.314274
4300001,0,0.283966
4310001,1,1.22964
4320001,0,0.498265
4330001,1,0.41141
4340001,2,1.40701
4350001,0,1.34577
4360001,0,0.876445
4370001,3,0.647438
4380001,0,0.0224084
4390001,0,0.859393
4400001,1,1.25347
4410001,0,0.80209
4420001,0,1.01294
4430001,2,2.38968
4440001,1,0.944487
4450001,0,0.301762
4460001,2,1.51978
4470001,2,3.09669
4480001,1,1.07762
4490001,0,0.142414
4500001,1,0.115202
4510001,2,1.35882
4520001,2,0.759357
4530001,0,0.434347
4540001,4,1.61627
4550001,1,2.06151
4560001,1,0.825463
4570001,1,0.205009
4580001,0,0.0648914
4590001,0,0.746735
4600001,1,0.0732122
4610001,0,0.853352
4620001,1,1.19643
4630001,0,0.570026
4640001,1,0.375048
4650001,2,2.73107
4660001,0,0.510137
4670001,3,1.40151
4680001,1,2.19945
4690001,1,0.642834
4700001,2,0.371458
4710001,1,0.333361
4720001,1,0.36835
4730001,0,0.278144
4740001,0,0.511381
4750001,0,0.106425
4760001,0,0.240823
4770001,0,0.132303
4780001,2,0.355224
4790001,0,0.244929
4800001,0,0.442495
4810001,1,0.336869
4820001,0,0.0532183
4830001,0,0.199368
4840001,1,0.263843
4850001,1,0.194857
4860001,1,1.23973
4870001,0,0.326783
4880001,0,0.564303
4890001,1,1.66991
4900001,1,0.864242
4910001,0,0.756676
4920001,2,4.54177
4930001,0,0.112816
4940001,0,0.861294
4950001,1,1.22765
4960001,1,2.15023
4970001,2,0.982044
4980001,0,0.543993
4990001,0,0.417423
5000001,0,0.132303
5010001,0,0.696911
5020001,0,0.118475
5030001,0,0.274557
5040001,1,0.418338
5050001,0,0.362115
5060001,3,10.5253
5070001,1,0.364438
5080001,1,2.76315
5090001,1,1.15734
5100001,1,0.655496
5110001,0,1.05557
5120001,0,0.547999
5130001,0,0.0051011
5140001,0,0.0866705
5150001,0,0.306547
5160001,0,0.503896
5170001,1,0.423854
5180001,1,0.497944
5190001,1,1.93265
5200001,0,2.24755
5210001,0,3.10553
5220001,1,4.64482
5230001,0,0.137297
5240001,0,0.343126
5250001,0,0.751275
5260001,1,1.24363
5270001,1,1.99369
5280001,2,2.47117
5290001,1,0.0584544
5300001,1,1.4531
5310001,0,0.278961
5320001,1,3.80635
5330001,0,0.174064
5340001,0,0.828045
5350001,0,0.0597485
5360001,2,1.74119
5370001,0,0.345378
5380001,0,0.689778
5390001,1,0.0593782
5400001,0,0.0125747
5410001,2,0.619311
5420001,0,1.76305
5430001,4,1.77916
5440001,1,0.747909
5450001,3,0.617384
5460001,0,0.459264
5470001,1,2.74442
5480001,2,1.51535
5490001,0,0.124232
5500001,0,0.759746
5510001,0,0.620133
5520001,1,1.64943
5530001,2,2.15365
5540001,0,0.0900142
5550001,0,0.289613
5560001,0,0.763666
5570001,1,0.95717
5580001,1,2.34214
5590001,0,0.00428204
5600001,1,0.556831
5610001,1,1.29886
5620001,1,1.41204
5630001,0,0.379353
5640001,1,0.299831
5650001,1,0.139104
5660001,0,0.662552
5670001,0,0.183555
5680001,0,1.26673
5690001,2,1.03224
5700001,4,0.377232
5710001,0,1.36491
5720001,2,0.244252
5730001,1,1.13081
5740001,1,0.574996
5750001,2,2.01632
5760001,0,0.0891856
5770001,2,1.42106
5780001,2,1.52956
5790001,0,0.28489
5800001,2,3.7798
5810001,0,0.0273527
5820001,0,0.22341
5830001,2,2.44935
5840001,1,0.351106
5850001,1,0.394764
5860001,3,1.06825
5870001,1,0.262295
5880001,2,0.92118
5890001,2,1.37895
5900001,1,0.83284
5910001,5,0.836749
5920001,2,1.95484
5930001,4,0.344411
5940001,0,0.854632
5950001,1,1.08268
5960001,0,0.000132087
5970001,1,2.40988
5980001,3,0.906297
5990001,3,0.0999186
6000001,0,0.487418
6010001,0,0.766569
6020001,1,1.06959
6030001,5,0.903723
6040001,2,0.293367
6050001,2,0.537321
6060001,1,1.78995
6070001,2,0.677669
6080001,1,1.81074
6090001,0,0.423943
6100001,3,1.55648
6110001,4,0.573636
6120001,0,0.224121
6130001,0,0.147252
6140001,1,6.13601
6150001,1,0.456478
6160001,3,1.30089
6170001,0,0.927477
6180001,0,0.627897
6190001,2,1.07461
6200001,1,1.32963
6210001,0,1.54366
6220001,4,0.222064
6230001,1,0.208556
6240001,1,1.54945
6250001,1,0.768419
6260001,1,1.43984
6270001,0,0.893007
6280001,0,0.302378
6290001,0,0.213199
6300001,1,0.878295
6310001,1,2.00216
6320001,1,1.60158
6330001,0,0.595196
6340001,0,0.208388
6350001,0,0.0409073
6360001,0,0.131361
6370001,1,0.464917
6380001,0,0.506778
6390001,3,0.764932
6400001,1,2.05817
6410001,0,0.104183
6420001,0,0.662762
6430001,0,0.101663
6440001,1,1.21616
6450001,0,0.497838
6460001,0,0.330954
6470001,0,0.757683
6480001,1,1.08884
6490001,3,2.72285
6500001,1,0.45833
6510001,1,0.592426
6520001,0,0.164946
6530001,0,0.78541
6540001,3,2.05474
6550001,1,0.347315
6560001,1,0.270885
6570001,0,0.00586518
6580001,1,0.679462
6590001,1,2.89233
6600001,0,0.152081
6610001,0,0.848452
6620001,1,0.147541
6630001,0,0.957589
6640001,2,0.422444
6650001,0,0.599881
6660001,0,0.618179
6670001,0,0.164448
6680001,2,0.933642
6690001,1,1.60354
6700001,3,0.655646
6710001,1,0.895181
6720001,2,3.78209
6730001,0,0.044411
6740001,0,1.01041
6750001,1,1.17261
6760001,0,0.18718
6770001,0,0.306508
6780001,0,0.359887
6790001,0,3.05449
6800001,2,2.01346
6810001,0,0.797734
6820001,1,0.423384
6830001,1,0.852235
6840001,1,0.167575
6850001,1,0.868631
6860001,1,1.89452
6870001,1,0.83413
6880001,1,0.41357
6890001,0,1.57085
6900001,2,0.229712
6910001,0,0.956939
6920001,0,0.0869183
6930001,0,0.00055861
6940001,0,0.125863
6950001,0,0.204324
6960001,0,0.140794
6970001,0,0.49785
6980001,1,0.821641
6990001,1,1.14279
7000001,0,0.8651
7010001,3,4.6602
7020001,2,3.74964
7030001,0,0.139761
7040001,3,4.598
7050001,2,0.673158
7060001,1,2.57522
7070001,1,0.488337
7080001,0,0.33138
7090001,2,1.5763
7100001,0,1.26708
7110001,2,1.37272
7120001,2,1.03721
7130001,1,0.399303
7140001,0,0.208074
7150001,1,0.889104
7160001,1,0.702144
7170001,0,0.0700799
7180001,0,0.34874
7190001,0,0.102427
7200001,1,0.453312
7210001,1,2.0838
7220001,0,0.405167
7230001,0,0.927581
7240001,1,0.29803
7250001,0,0.633866
7260001,2,0.426534
7270001,0,0.949012
7280001,2,2.35175
7290001,0,0.948654
7300001,0,0.715835
7310001,1,0.399272
7320001,0,0.740176
7330001,0,0.360357
7340001,1,1.69917
7350001,1,0.971732
7360001,0,0.272199
7370001,2,0.429046
7380001,0,2.11457
7390001,1,0.245494
7400001,1,0.321225
7410001,1,0.0932403
7420001,1,0.586939
7430001,0,0.0372084
7440001,1,0.428017
7450001,1,1.6999
7460001,0,4.09403
7470001,0,0.47906
7480001,0,0.0784236
7490001,0,0.102103
7500001,2,0.653958
7510001,1,1.17601
7520001,0,0.00261058
7530001,0,0.811888
7540001,3,1.68992
7550001,1,0.839929
7560001,1,1.62547
7570001,0,0.114124
7580001,0,1.68934
7590001,1,0.104058
7600001,0,0.643224
7610001,2,0.14113
7620001,2,0.651932
7630001,0,0.808512
7640001,1,0.433288
7650001,1,0.554959
7660001,0,0.0692231
7670001,0,1.04247
7680001,2,0.209584
7690001,1,2.20267
7700001,0,0.259972
7710001,1,1.95064
7720001,3,0.275921
7730001,1,0.325413
7740001,0,0.0345866
7750001,0,2.33006
7760001,1,1.53223
7770001,2,1.93571
7780001,0,1.31439
7790001,0,0.479747
7800001,0,0.429572
7810001,0,0.382357
7820001,4,3.34744
7830001,2,0.97168
7840001,1,2.89654
7850001,1,1.54153
7860001,1,0.106088
7870001,0,2.04145
7880001,0,0.471585
7890001,1,2.62408
7900001,2,2.07507
7910001,1,1.59314
7920001,1,0.707995
7930001,0,0.152791
7940001,1,0.864253
7950001,1,0.121061
7960001,0,1.11187
7970001,0,0.1486
7980001,1,5.20341
7990001,1,0.339558
8000001,0,1.23444
8010001,0,1.52158
8020001,0,0.0201765
8030001,0,0.501667
8040001,0,0.309113
8050001,0,0.00341045
8060001,0,0.277751
8070001,0,1.49259
8080001,1,1.34962
8090001,0,0.0243739
8100001,2,0.702221
8110001,1,1.33263
8120001,2,0.541324
8130001,1,1.77837
8140001,0,0.278013
8150001,1,0.98619
8160001,0,0.154358
8170001,0,2.04745
8180001,0,0.0441055
8190001,0,1.09065
8200001,0,0.109681
8210001,0,1.17813
8220001,1,3.17333
8230001,2,1.94972
8240001,4,0.33884
8250001,2,3.24666
8260001,2,0.921279
8270001,1,0.495701
8280001,0,1.2421
8290001,2,0.917602
8300001,2,0.222472
8310001,0,0.08568
8320001,0,0.406379
8330001,0,0.225656
8340001,2,0.910198
8350001,2,1.76768
8360001,0,0.621976
8370001,1,1.16744
8380001,0,4.28665
8390001,2,1.38822
8400001,1,0.7006
8410001,1,0.265693
8420001,0,0.0108816
8430001,0,0.0594539
8440001,2,0.556264
8450001,1,0.313508
8460001,1,2.42241
8470001,1,0.30826
8480001,0,1.16973
8490001,3,3.36737
8500001,1,2.02546
8510001,0,1.97197
8520001,0,0.872956
8530001,0,1.3951
8540001,1,1.41593
8550001,0,0.103511
8560001,0,0.318319
8570001,2,1.28034
8580001,0,1.65079
8590001,0,0.664836
8600001,1,0.392624
8610001,0,1.15461
8620001,0,1.63989
8630001,1,1.36088
8640001,1,0.109518
8650001,0,1.80358
8660001,2,0.494895
8670001,2,0.677676
8680001,0,0.134294
8690001,0,0.0425556
8700001,1,1.58395
8710001,0,0.292784
8720001,0,0.406783
8730001,0,0.0655976
8740001,1,0.758604
8750001,0,0.267726
8760001,0,0.0371271
8770001,1,2.61487
8780001,0,1.31887
8790001,2,0.379454
8800001,1,0.653266
8810001,2,0.291431
8820001,1,1.55704
8830001,1,4.84511
8840001,5,4.60493
8850001,0,0.852604
8860001,2,1.90104
8870001,0,0.178727
8880001,2,1.40895
8890001,0,0.911613
8900001,1,1.05055
8910001,0,0.64159
8920001,1,1.1063
8930001,3,1.38534
8940001,0,1.15196
8950001,1,1.89034
8960001,3,0.770268
8970001,2,0.827445
8980001,0,2.30201
8990001,3,2.2256
9000001,0,0.0188576
9010001,1,0.851212
9020001,2,2.09416
9030001,1,0.840027
9040001,1,0.771341
9050001,1,0.444314
9060001,0,0.178011
9070001,0,0.57008
9080001,2,1.97514
9090001,0,1.53723
9100001,0,0.372734
9110001,2,0.328773
9120001,0,0.257982
9130001,1,0.842
9140001,1,0.457436
9150001,2,0.483038
9160001,2,2.06806
9170001,2,1.64291
9180001,0,0.0228187
9190001,0,0.137859
9200001,0,1.16968
9210001,0,0.121038
9220001,0,0.42806
9230001,0,0.851752
9240001,1,2.27148
9250001,0,1.47448
9260001,1,1.70053
9270001,1,1.79978
9280001,2,0.151104
9290001,1,1.26371
9300001,1,1.806
9310001,0,0.0822239
9320001,0,1.66126
9330001,1,0.565824
9340001,3,0.670108
9350001,0,0.530848
9360001,1,0.341795
9370001,0,0.299361
9380001,2,1.75671
9390001,2,1.12652
9400001,1,0.302091
9410001,1,1.50115
9420001,0,1.33903
9430001,0,0.0663219
9440001,2,0.196372
9450001,0,0.022806
9460001,0,0.147495
9470001,4,2.11627
9480001,0,0.0921841
9490001,1,1.07252
9500001,0,0.0639211
9510001,2,5.7283
9520001,2,0.0329337
9530001,1,0.300825
9540001,1,2.70802
9550001,2,0.856652
9560001,0,1.24077
9570001,1,5.73001
9580001,1,0.944105
9590001,0,0.390008
9600001,3,0.756819
9610001,2,1.01163
9620001,0,0.362451
9630001,0,0.149311
9640001,0,0.992141
9650001,1,0.0939868
9660001,0,0.531957
9670001,1,1.24666
9680001,1,0.140645
9690001,1,1.61939
9700001,1,0.381313
9710001,1,2.5909
9720001,1,1.74087
9730001,0,0.759625
9740001,1,1.89373
9750001,1,0.649442
9760001,2,0.205145
9770001,1,1.07871
9780001,0,0.282666
9790001,0,1.50144
9800001,2,1.67509
9810001,0,0.0381925
9820001,0,0.326102
9830001,1,1.32216
9840001,1,0.820526
9850001,2,1.72742
9860001,0,0.4086
9870001,0,1.66212
9880001,1,3.10721
9890001,1,1.6094
9900001,2,2.3756
9910001,2,2.89685
9920001,2,1.14167
9930001,0,1.73389
9940001,3,0.25744
9950001,1,0.799743
9960001,2,1.25416
9970001,1,0.359415
9980001,0,1.18295
9990001,0,0.453299
10000001,0,0.0386056
10010001,1,3.32713
10020001,1,1.0084
10030001,0,0.363022
10040001,1,1.1208
10050001,0,0.306161
10060001,2,1.28488
10070001,5,0.860001
10080001,2,1.49179
10090001,0,0.688491
10100001,0,0.31817
10110001,0,0.591768
10120001,1,0.607296
10130001,1,0.205991
10140001,1,0.243615
10150001,1,0.331218
10160001,0,0.176719
10170001,1,0.370359
10180001,1,0.716288
10190001,0,0.466963
10200001,0,0.210257
10210001,2,0.718872
10220001,0,0.711437
10230001,3,1.02479
10240001,5,2.48906
10250001,0,0.211961
10260001,1,3.28128
10270001,1,0.977659
10280001,0,2.01579
10290001,0,1.56064
10300001,1,0.202682
10310001,0,0.0718651
10320001,0,0.475168
10330001,1,0.692751
10340001,2,0.885403
10350001,0,0.0287715
10360001,0,0.368887
10370001,1,0.294054
10380001,1,0.289663
10390001,0,0.543597
10400001,2,1.53134
10410001,0,0.374232
10420001,0,0.664026
10430001,6,0.54742
10440001,1,0.754537
10450001,2,0.950647
10460001,0,0.534351
10470001,2,0.210201
10480001,3,1.61899
10490001,1,0.913407
10500001,1,1.39809
10510001,1,0.0227342
10520001,1,2.12294
10530001,2,1.97718
10540001,2,1.51857
10550001,0,0.895049
10560001,2,1.80727
10570001,1,1.7307
10580001,0,0.0915847
10590001,1,1.21776
10600001,1,0.103435
10610001,0,1.33183
10620001,2,0.351503
10630001,0,0.423151
10640001,1,2.23581
10650001,2,0.94331
10660001,4,5.72578
10670001,0,0.751621
10680001,0,0.0122579
10690001,0,0.00648315
10700001,1,2.69268
10710001,0,0.050313
10720001,1,0.446767
10730001,0,1.0459
10740001,0,1.08018
10750001,0,0.410884
10760001,1,1.56885
10770001,2,0.994145
10780001,3,2.15975
10790001,2,0.473212
10800001,0,0.599218
10810001,2,0.428744
10820001,2,1.20391
10830001,0,0.208503
10840001,1,2.39365
10850001,1,0.367571
10860001,2,2.01186
10870001,4,0.917128
10880001,3,0.621757
10890001,4,1.3173
10900001,2,2.93379
10910001,0,0.666302
10920001,3,3.32758
10930001,1,1.90954
10940001,0,0.0391176
10950001,0,0.478135
10960001,0,0.101623
10970001,1,1.35909
10980001,0,0.676837
10990001,5,0.541814
11000001,0,1.14438
11010001,0,0.717591
11020001,1,1.18131
11030001,2,1.27088
11040001,0,0.687491
11050001,0,0.0247936
11060001,2,0.969987
11070001,1,0.579702
11080001,1,0.680425
11090001,1,2.33068
11100001,0,0.115245
11110001,2,0.540196
11120001,0,0.180886
11130001,0,0.543352
11140001,3,0.862804
11150001,1,1.42282
11160001,3,1.97079
11170001,0,0.263454
11180001,2,1.88166
11190001,0,0.794065
11200001,0,0.0570346
11210001,2,2.26091
11220001,2,1.33151
11230001,0,0.0430606
11240001,2,1.28761
11250001,1,0.483161
11260001,0,0.246811
11270001,1,0.843189
11280001,0,0.0145598
11290001,1,1.15015
11300001,1,1.13994
11310001,2,0.271334
11320001,0,0.502258
11330001,2,0.803278
11340001,0,1.07621
11350001,0,0.297559
11360001,1,2.13646
11370001,1,0.459664
11380001,0,0.0497463
11390001,2,0.856967
11400001,0,0.605382
11410001,0,0.0786767
11420001,0,0.0111579
11430001,0,0.367354
11440001,0,1.01066
11450001,0,0.70689
11460001,1,0.432638
11470001,0,0.552986
11480001,1,1.87976
11490001,1,1.29646
11500001,0,0.411974
11510001,0,0.756652
11520001,0,0.571527
11530001,1,0.139206
11540001,0,0.232517
11550001,0,1.34443
11560001,1,0.192974
11570001,1,1.04868
11580001,0,0.646716
11590001,3,0.131843
11600001,2,2.0875
11610001,3,1.66009
11620001,3,1.87169
11630001,0,1.26574
11640001,0,0.0889915
11650001,0,0.567085
11660001,3,1.26577
11670001,0,0.0537822
11680001,2,7.36148
11690001,0,1.29034
11700001,4,2.38248
11710001,1,0.680481
11720001,0,0.5035
11730001,1,0.221933
11740001,0,1.79039
11750001,0,0.140284
11760001,4,0.444183
11770001,2,0.422967
11780001,0,0.0149667
11790001,0,0.309563
11800001,1,0.446265
11810001,0,0.861452
11820001,0,0.673512
11830001,0,0.955706
11840001,0,1.69333
11850001,2,0.728919
11860001,0,0.0596027
11870001,0,0.19619
11880001,0,0.286164
11890001,2,1.15534
11900001,4,3.85344
11910001,2,0.404686
11920001,1,1.88404
11930001,4,0.520726
11940001,3,0.199449
11950001,1,1.25866
11960001,1,0.425975
11970001,0,1.63845
11980001,0,0.265535
11990001,1,0.724105
12000001,0,0.633057
12010001,1,0.320166
12020001,0,0.438772
12030001,0,0.067074
12040001,0,1.40247
12050001,1,0.418268
12060001,1,3.0129
12070001,0,0.181427
12080001,1,0.230316
12090001,1,2.42271
12100001,2,3.51307
12110001,0,0.18076
12120001,2,0.395583
12130001,2,0.384681
12140001,1,0.383868
12150001,0,0.0800311
12160001,1,1.88416
12170001,0,0.949396
12180001,0,0.30051
12190001,1,1.54056
12200001,1,0.713336
12210001,0,0.228356
12220001,1,0.713023
12230001,0,1.82415
12240001,2,0.93759
12250001,3,1.19208
12260001,1,0.483259
12270001,3,1.09345
12280001,0,0.160152
12290001,1,5.5353
12300001,4,1.57953
12310001,2,3.24583
12320001,0,0.133742
12330001,1,1.22061
12340001,1,0.526685
12350001,1,0.1274
12360001,1,0.831272
12370001,2,2.17123
12380001,2,0.491823
12390001,0,0.509532
12400001,0,0.155255
12410001,2,0.346689
12420001,1,0.489882
12430001,2,0.507143
12440001,0,3.35796
12450001,2,0.216168
12460001,0,0.238463
12470001,1,0.197865
12480001,0,1.02908
12490001,0,0.58426
12500001,0,0.341711
12510001,5,2.39726
12520001,3,2.17345
12530001,0,0.0972291
12540001,1,2.07278
12550001,0,1.80281
12560001,0,0.12311
12570001,0,0.353251
12580001,2,0.46647
12590001,1,2.38827
12600001,2,0.969539
12610001,0,0.332119
12620001,3,5.02253
12630001,0,0.568374
12640001,1,1.75152
12650001,0,0.0551992
12660001,0,0.176175
12670001,1,1.21927
12680001,0,0.0557858
12690001,0,0.21994
12700001,0,0.21099
12710001,0,0.292687
12720001,1,1.00276
12730001,0,0.328873
12740001,0,0.0679364
12750001,0,0.355808
12760001,1,0.670493
12770001,3,0.904105
12780001,3,1.35252
12790001,6,9.98104
12800001,0,0.0356445
12810001,0,0.0440318
12820001,2,3.56332
12830001,0,2.8352
12840001,1,2.13564
12850001,1,4.47704
12860001,0,0.280652
12870001,0,0.457063
12880001,0,1.65518
12890001,0,1.25535
12900001,0,1.07563
12910001,0,0.416843
12920001,4,1.90525
12930001,0,0.989943
12940001,2,0.544598
12950001,0,0.132652
12960001,1,0.810137
12970001,1,0.0840249
12980001,0,0.808734
12990001,0,0.368158
13000001,1,1.04397
13010001,0,1.17713
13020001,1,4.28109
13030001,0,0.304882
13040001,0,0.305901
13050001,1,0.924265
13060001,0,0.443516
13070001,0,0.65541
13080001,1,1.41194
13090001,0,0.12574
13100001,2,1.68779
13110001,3,1.34664
13120001,0,1.6483
13130001,0,3.58469
13140001,1,1.75294
13150001,0,2.149
13160001,1,0.29045
13170001,0,0.38509
13180001,2,1.2514
13190001,0,0.147557
13200001,1,1.75584
13210001,1,0.92555
13220001,0,1.27604
13230001,1,0.842777
13240001,0,1.01796
13250001,0,0.676423
13260001,0,0.76447
13270001,1,0.145428
13280001,0,0.135377
13290001,0,0.370489
13300001,0,0.275241
13310001,0,1.0797
13320001,0,0.260904
13330001,1,1.05567
13340001,0,0.325498
13350001,2,0.531403
13360001,2,1.14478
13370001,1,1.23678
13380001,0,0.67189
13390001,4,0.255065
13400001,0,2.24228
13410001,1,1.983
13420001,2,0.416063
13430001,0,0.180863
13440001,0,0.188378
13450001,0,0.864018
13460001,1,1.14523
13470001,0,0.790052
13480001,1,1.64325
13490001,0,0.367812
13500001,2,0.641136
13510001,2,1.38742
13520001,3,2.50931
13530001,2,2.40143
13540001,0,1.32795
13550001,2,0.426662
13560001,3,1.37564
13570001,0,0.0380594
13580001,2,1.02633
13590001,1,0.277529
13600001,0,0.389218
13610001,1,2.22624
13620001,3,2.66134
13630001,0,0.0311095
13640001,3,2.84125
13650001,2,0.844583
13660001,0,0.521285
13670001,0,0.0750288
13680001,4,0.494148
13690001,1,0.13301
13700001,3,4.1636
13710001,0,0.0961483
13720001,1,0.76991
13730001,0,2.1933
13740001,1,0.659346
13750001,2,3.74921
13760001,0,0.77663
13770001,0,0.166048
13780001,1,1.43349
13790001,1,1.34991
13800001,0,0.122831
13810001,1,0.248081
13820001,1,0.317066
13830001,0,1.38754
13840001,3,0.91251
13850001,2,1.86525
13860001,0,0.644048
13870001,2,0.937744
13880001,3,1.39181
13890001,0,0.146034
13900001,1,0.376511
13910001,0,0.0714077
13920001,0,0.0589066
13930001,0,0.00964971
13940001,3,0.523059
13950001,2,1.64089
13960001,5,1.25826
13970001,1,0.247152
13980001,0,0.144194
13990001,1,0.590715
14000001,2,4.08856
14010001,0,0.377177
14020001,1,0.30466
14030001,2,0.95379
14040001,1,1.3415
14050001,0,0.498189
14060001,2,1.47124
14070001,2,2.25085
14080001,1,2.9888
14090001,0,0.133319
14100001,0,0.575494
14110001,7,0.601036
14120001,1,1.53282
14130001,2,1.29834
14140001,1,0.66262
14150001,0,0.896711
14160001,1,1.92901
14170001,0,0.0359353
14180001,0,0.717739
14190001,0,1.17264
14200001,1,1.44386
14210001,1,0.689483
14220001,4,3.5405
14230001,0,0.215871
14240001,0,0.235621
14250001,1,0.213367
14260001,2,2.13723
14270001,2,1.13475
14280001,1,1.51257
14290001,0,0.0358749
14300001,0,0.50304
14310001,1,0.910661
14320001,0,1.24889
14330001,4,0.752836
14340001,1,0.213605
14350001,0,0.831727
14360001,2,1.55463
14370001,0,0.153839
14380001,2,0.52554
14390001,0,0.0485154
14400001,2,0.294572
14410001,2,0.226103
14420001,0,0.287217
14430001,0,0.80943
14440001,3,2.22018
14450001,1,1.09447
14460001,0,0.365439
14470001,0,0.285
14480001,1,0.371781
14490001,3,0.916895
14500001,1,0.340473
14510001,1,0.820824
14520001,1,0.43327
14530001,0,0.107725
14540001,0,0.258223
14550001,2,1.28668
14560001,0,0.815126
14570001,1,0.965469
14580001,1,0.354685
14590001,0,0.465643
14600001,2,1.26182
14610001,2,0.0425924
14620001,0,0.564589
14630001,0,0.0904371
14640001,1,2.19425
14650001,1,0.49409
14660001,0,0.568039
14670001,3,3.27236
14680001,1,0.797742
14690001,0,0.179494
14700001,0,0.154724
14710001,0,0.344531
14720001,0,0.147351
14730001,5,2.68508
14740001,2,0.977013
14750001,1,2.48555
14760001,0,0.114956
14770001,0,0.00938817
14780001,0,1.46534
14790001,1,0.162994
14800001,2,2.04174
14810001,1,2.2149
14820001,3,2.41656
14830001,2,0.323934
14840001,1,0.272049
14850001,0,0.587712
14860001,2,1.31398
14870001,2,0.408523
14880001,0,0.480359
14890001,0,0.188387
14900001,2,0.894514
14910001,0,0.0124059
14920001,1,0.0659026
14930001,1,3.2022
14940001,0,0.0297624
14950001,3,2.10205
14960001,0,0.81347
14970001,0,0.122412
14980001,0,0.0910796
14990001,0,1.7786
15000001,0,0.369742
15010001,3,0.476539
15020001,0,0.932331
15030001,2,0.479642
15040001,0,0.681285
15050001,1,1.38882
15060001,0,3.55858
15070001,0,0.50953
15080001,1,1.13221
15090001,0,0.00518959
15100001,0,1.0568
15110001,1,0.394825
15120001,0,0.0924035
15130001,0,0.0732272
15140001,0,0.325658
15150001,3,0.367355
15160001,0,0.0602071
15170001,0,2.54455
15180001,3,2.65879
15190001,0,1.00606
15200001,1,0.340268
15210001,1,0.291507
15220001,0,0.0725151
15230001,1,3.02944
15240001,1,0.685674
15250001,0,0.0317914
15260001,0,1.22919
15270001,4,3.65863
15280001,2,1.68035
15290001,1,1.71958
15300001,0,0.328708
15310001,2,0.73787
15320001,1,1.99887
15330001,0,1.98874
15340001,0,0.89371
15350001,2,2.12526
15360001,0,0.0338644
15370001,0,0.1854
15380001,3,0.990918
15390001,0,0.834461
15400001,1,0.046342
15410001,0,2.89653
15420001,4,0.536031
15430001,0,0.740323
15440001,0,0.626752
15450001,0,0.41733
15460001,0,0.575286
15470001,0,0.748387
15480001,2,2.82843
15490001,0,0.38288
15500001,2,1.71865
15510001,1,1.79344
15520001,0,0.477828
15530001,1,2.29713
15540001,0,0.523157
15550001,0,0.183602
15560001,1,1.77934
15570001,1,0.610294
15580001,1,2.87145
15590001,1,2.95036
15600001,0,0.526842
15610001,0,0.376733
15620001,0,0.974794
15630001,1,1.11278
15640001,1,0.641229
15650001,1,0.262772
15660001,1,0.188311
15670001,1,0.808608
15680001,2,0.824143
15690001,1,0.655395
15700001,2,0.130738
15710001,2,1.36545
15720001,0,0.437949
15730001,1,1.96983
15740001,3,1.29319
15750001,3,0.688019
15760001,2,1.03285
15770001,0,3.28941
15780001,2,4.16213
15790001,0,0.178801
15800001,0,0.631961
15810001,1,1.54599
15820001,0,0.165027
15830001,1,1.95493
15840001,2,1.56188
15850001,0,0.159619
15860001,3,0.411371
15870001,0,0.39161
15880001,0,1.73638
15890001,1,0.691449
15900001,0,0.228253
15910001,0,0.4489
15920001,1,1.42571
15930001,0,2.05019
15940001,1,0.51462
15950001,0,0.424909
15960001,0,0.544816
15970001,2,1.38795
15980001,1,0.627759
15990001,1,0.406226
16000001,0,0.174604
16010001,0,1.77617
16020001,2,1.35816
16030001,3,0.424608
16040001,1,1.12867
16050001,0,0.457516
16060001,2,1.59712
16070001,2,1.11979
16080001,2,0.0763968
16090001,1,0.110437
16100001,0,0.259585
16110001,4,0.6523
16120001,1,3.02277
16130001,1,1.03856
16140001,0,0.313776
16150001,1,0.259536
16160001,3,2.8583
16170001,2,0.79673
16180001,0,0.20123
16190001,1,0.119965
16200001,1,3.66039
16210001,0,0.504515
16220001,0,0.264015
16230001,0,0.714239
16240001,0,0.365755
16250001,1,0.0890445
16260001,1,1.40247
16270001,3,2.12581
16280001,0,0.171413
16290001,0,1.3291
16300001,1,0.296799
16310001,2,0.146179
16320001,3,3.45697
16330001,2,0.654148
16340001,3,1.61908
16350001,1,1.15136
16360001,2,0.855192
16370001,0,0.0759315
16380001,1,1.46757
16390001,1,1.33549
16400001,4,1.33211
16410001,0,1.0516
16420001,1,0.526918
16430001,3,0.256718
16440001,1,0.499141
16450001,0,0.168777
16460001,0,0.242528
16470001,1,0.667886
16480001,2,1.19312
16490001,0,0.284564
16500001,3,2.93099
16510001,0,0.0121462
16520001,1,0.985591
16530001,1,0.0780933
16540001,0,0.316624
16550001,3,1.49879
16560001,2,0.322408
16570001,4,1.88713
16580001,2,0.620787
16590001,0,0.743615
16600001,1,1.985
16610001,2,0.610576
16620001,1,1.59379
16630001,0,0.0977592
16640001,1,2.50499
16650001,0,1.0505
16660001,0,0.325163
16670001,4,0.559748
16680001,2,1.84357
16690001,0,0.359968
16700001,0,2.48348
16710001,0,3.51885
16720001,2,0.803358
16730001,1,0.891666
16740001,0,0.106597
16750001,1,0.551667
16760001,2,1.35188
16770001,0,0.764176
16780001,3,1.79353
16790001,0,0.361969
16800001,0,0.236129
16810001,0,0.585622
16820001,0,0.324658
16830001,0,0.035265
16840001,4,0.402912
16850001,1,0.168906
16860001,1,2.22497
16870001,1,1.63511
16880001,1,2.71322
16890001,0,0.348604
16900001,1,1.27308
16910001,0,0.00670847
16920001,3,3.15894
16930001,1,1.31255
16940001,0,0.399381
16950001,4,0.696152
16960001,2,1.0579
16970001,1,0.204834
16980001,1,4.68418
16990001,0,0.436625
17000001,0,0.0656522
17010001,0,0.0205614
17020001,3,2.98357
17030001,0,0.00313114
17040001,2,1.16695
17050001,1,0.612423
17060001,0,0.116371
17070001,1,0.709868
17080001,0,1.30332
17090001,1,9.12606
17100001,1,1.14861
17110001,2,0.942864
17120001,1,0.136081
17130001,3,4.29736
17140001,0,0.0531321
17150001,0,0.0179205
17160001,1,0.880127
17170001,1,0.470218
17180001,0,0.262046
17190001,3,0.819779
17200001,0,0.366216
17210001,2,0.814766
17220001,0,0.68721
17230001,0,0.0974617
17240001,0,0.0604554
17250001,0,0.0371771
17260001,1,0.56548
17270001,0,0.161953
17280001,1,0.613398
17290001,1,2.4317
17300001,0,4.00471
17310001,0,0.168621
17320001,1,0.717985
17330001,0,0.0677086
17340001,4,0.437366
17350001,2,0.607388
17360001,1,3.20775
17370001,0,0.217028
17380001,0,0.121584
17390001,0,2.19046
17400001,2,0.869086
17410001,0,0.715139
17420001,2,0.407324
17430001,3,1.93401
17440001,0,0.851514
17450001,2,1.6319
17460001,0,0.889033
17470001,0,2.16889
17480001,2,1.48678
17490001,2,2.10449
17500001,1,4.0516
17510001,3,3.98136
17520001,2,1.04186
17530001,0,0.361006
17540001,3,0.503248
17550001,0,0.997845
17560001,2,0.313235
17570001,3,0.578978
17580001,0,0.101181
17590001,1,1.45278
17600001,0,0.501137
17610001,3,2.19447
17620001,0,0.507119
17630001,2,9.52863
17640001,0,0.961749
17650001,0,0.726853
17660001,0,0.391132
17670001,0,0.130812
17680001,2,0.569902
17690001,3,1.56588
17700001,0,1.44843
17710001,0,0.0304536
17720001,2,0.350305
17730001,1,0.14728
17740001,1,1.00676
17750001,1,0.741731
17760001,0,0.107406
17770001,0,0.17846
17780001,1,0.781515
17790001,0,0.220678
17800001,0,0.12217
17810001,1,0.121288
17820001,1,1.67281
17830001,0,0.347414
17840001,1,0.976899
17850001,2,1.7964
17860001,0,1.6119
17870001,0,0.280628
17880001,3,0.391534
17890001,0,1.36386
17900001,3,7.28225
17910001,0,0.826609
17920001,0,0.113639
17930001,0,0.0214175
17940001,0,0.257485
17950001,0,0.249035
17960001,2,1.57621
17970001,5,1.96981
17980001,1,1.57882
17990001,0,0.924426
18000001,2,0.52436
18010001,1,2.30019
18020001,0,0.0253984
18030001,1,0.655231
18040001,0,0.209307
18050001,1,1.80347
18060001,2,2.8049
18070001,1,0.399429
18080001,1,0.156649
18090001,1,0.805714
18100001,1,0.587077
18110001,2,0.741111
18120001,3,0.58377
18130001,1,0.288192
18140001,1,0.915931
18150001,0,0.163486
18160001,0,0.165785
18170001,2,0.0837116
18180001,1,0.594061
18190001,1,0.866639
18200001,1,1.20375
18210001,0,0.0960201
18220001,0,0.315593
18230001,0,0.071501
18240001,1,1.01461
18250001,0,0.387332
18260001,0,0.550734
18270001,0,0.0608585
18280001,1,0.160572
18290001,2,0.532489
18300001,2,0.793684
18310001,1,0.659299
18320001,0,2.5821
18330001,2,1.00271
18340001,3,3.32925
18350001,1,0.729179
18360001,1,0.605479
18370001,0,1.85753
18380001,0,0.288854
18390001,1,0.606319
18400001,1,1.43825
18410001,1,0.405739
18420001,0,0.201105
18430001,0,0.781894
18440001,2,0.909588
18450001,1,0.943114
18460001,0,0.111935
18470001,2,0.235842
18480001,0,0.487312
18490001,0,0.145178
18500001,0,0.840601
18510001,0,0.502342
18520001,0,0.530949
18530001,0,0.0849849
18540001,2,0.275239
18550001,1,0.986653
18560001,0,0.120647
18570001,1,4.0821
18580001,0,1.15196
18590001,1,1.30343
18600001,2,0.96821
18610001,0,0.0920103
18620001,4,0.425863
18630001,2,1.32062
18640001,2,1.5099
18650001,0,0.574956
18660001,5,5.10575
18670001,0,0.502227
18680001,1,0.57149
18690001,0,1.88881
18700001,2,2.07923
18710001,0,0.0578192
18720001,1,2.27529
18730001,1,1.00429
18740001,0,1.43744
18750001,1,3.61072
18760001,2,1.4172
18770001,1,1.07867
18780001,3,0.65709
18790001,0,0.341458
18800001,0,0.293771
18810001,1,0.569147
18820001,2,0.0394048
18830001,1,0.225993
18840001,1,0.374108
18850001,0,0.158864
18860001,1,0.202563
18870001,4,0.674679
18880001,1,1.27942
18890001,0,2.32241
18900001,1,0.599899
18910001,1,0.846893
18920001,0,0.486365
18930001,3,0.323864
18940001,0,0.104493
18950001,2,0.918956
18960001,0,0.378627
18970001,0,0.204574
18980001,2,1.48114
18990001,1,1.84494
19000001,0,0.241123
19010001,1,0.143175
19020001,1,1.32921
19030001,2,0.433361
19040001,0,0.178967
19050001,1,0.57664
19060001,0,0.578734
19070001,1,1.14158
19080001,0,0.329088
19090001,1,1.50083
19100001,1,0.452889
19110001,1,2.95453
19120001,1,0.826055
19130001,0,0.68188
19140001,0,0.371676
19150001,1,0.282529
19160001,0,0.138953
19170001,0,0.56219
19180001,2,1.78576
19190001,0,0.792173
19200001,2,0.763884
19210001,3,1.14548
19220001,0,2.90949
19230001,1,1.82982
19240001,2,4.35865
19250001,0,0.745405
19260001,0,1.41805
19270001,3,0.138033
19280001,0,0.906697
19290001,2,0.562392
19300001,2,0.716546
19310001,1,0.366903
19320001,3,0.961981
19330001,1,3.63056
19340001,0,1.78143
19350001,0,0.128333
19360001,1,0.48964
19370001,0,0.122924
19380001,0,0.114866
19390001,0,0.0990611
19400001,2,0.622177
19410001,2,0.406994
19420001,0,2.61611
19430001,1,1.45592
19440001,0,0.394794
19450001,3,2.03824
19460001,4,2.44402
19470001,1,0.954705
19480001,0,0.660067
19490001,5,1.51549
19500001,1,0.404402
19510001,0,1.36734
19520001,0,0.611814
19530001,0,0.148008
19540001,0,0.135843
19550001,0,0.100269
19560001,1,0.570241
19570001,0,0.0528972
19580001,2,2.98661
19590001,3,1.39048
19600001,2,1.10343
19610001,2,2.02952
19620001,0,0.0213333
19630001,3,0.344828
19640001,2,1.04214
19650001,0,0.181746
19660001,0,0.489933
19670001,0,0.39504
19680001,4,1.55325
19690001,2,1.18571
19700001,3,1.50845
19710001,2,0.687865
19720001,0,0.470087
19730001,0,0.168478
19740001,1,4.43185
19750001,0,0.355019
19760001,0,0.629404
19770001,3,0.887733
19780001,2,0.183728
19790001,1,0.235641
19800001,2,0.579941
19810001,0,0.397544
19820001,0,1.08171
19830001,2,3.59686
19840001,0,0.490614
19850001,0,0.221876
19860001,2,0.747122
19870001,0,0.0573441
19880001,2,0.5387
19890001,2,0.468781
19900001,0,0.354132
19910001,0,0.486389
19920001,2,1.61977
19930001,0,0.0950888
19940001,1,0.452393
19950001,1,3.39076
19960001,1,2.09359
19970001,0,0.804385
19980001,1,0.535273
19990001,2,1.57755
20000001,0,0.28761
20010001,1,0.362109
20020001,0,0.443686
20030001,1,0.0389046
20040001,0,0.0773467
20050001,0,0.060621
20060001,0,0.236351
20070001,2,3.63476
20080001,1,2.47994
20090001,1,1.75821
20100001,1,4.16045
20110001,2,0.997999
20120001,2,0.356983
20130001,1,1.91253
20140001,0,0.589142
20150001,2,1.69193
20160001,0,1.22218
20170001,1,0.876039
20180001,2,2.17132
20190001,0,2.01612
20200001,2,0.31376
20210001,2,0.350919
20220001,0,1.03335
20230001,0,2.08369
20240001,0,0.0633413
20250001,1,0.41139
20260001,0,1.64429
20270001,0,0.695191
20280001,1,0.240924
20290001,0,0.101715
20300001,3,2.8001
20310001,0,0.362765
20320001,1,2.49148
20330001,3,0.31728
20340001,1,0.336619
20350001,0,0.163675
20360001,0,0.477209
20370001,1,1.6827
20380001,0,0.0375445
20390001,0,0.270673
20400001,2,0.711
20410001,0,0.222007
20420001,0,1.35557
20430001,0,0.141421
20440001,2,2.26278
20450001,0,0.493179
20460001,0,3.1095
20470001,3,1.61106
20480001,0,0.795739
20490001,2,0.106982
20500001,0,0.335207
20510001,0,4.99188
20520001,1,0.548584
20530001,0,0.13347
20540001,2,0.657185
20550001,1,0.252095
20560001,1,0.688596
20570001,1,0.122604
20580001,0,0.892492
20590001,4,1.18059
20600001,0,0.643975
20610001,3,0.444396
20620001,0,0.118757
20630001,0,0.123822
20640001,0,0.701326
20650001,0,2.1334
20660001,1,0.955615
20670001,0,0.317284
20680001,3,0.918194
20690001,0,0.334456
20700001,0,1.05903
20710001,0,1.51505
20720001,3,2.16074
20730001,1,0.965357
20740001,1,0.622966
20750001,0,0.328447
20760001,0,0.637993
20770001,1,0.999188
20780001,1,1.33361
20790001,0,0.28453
20800001,0,0.0334736
20810001,1,0.247627
20820001,2,0.923932
20830001,0,0.0976767
20840001,3,1.30407
20850001,1,3.29997
20860001,0,0.0399691
20870001,1,0.685202
20880001,4,3.31134
20890001,1,1.50224
20900001,0,0.0108602
20910001,0,1.43
20920001,0,0.106565
20930001,0,0.641786
20940001,0,1.40088
20950001,0,0.605236
20960001,0,0.210988
20970001,2,0.774505
20980001,1,0.240335
20990001,0,1.16918
21000001,1,0.265371
21010001,0,0.761584
21020001,0,0.0691893
21030001,2,1.76288
21040001,0,0.351796
21050001,0,0.217149
21060001,0,0.578033
21070001,2,0.333134
21080001,1,0.997683
21090001,1,3.1281
21100001,1,0.735629
21110001,1,2.09702
21120001,0,0.0615858
21130001,0,0.307213
21140001,3,2.15088
21150001,1,1.08986
21160001,1,0.0336243
21170001,0,0.212761
21180001,2,0.965336
21190001,2,1.88777
21200001,0,1.9178
21210001,2,0.890777
21220001,6,0.409971
21230001,0,0.42386
21240001,1,0.987689
21250001,1,0.236461
21260001,0,0.86118
21270001,1,0.615524
21280001,0,0.161007
21290001,0,0.457307
21300001,0,1.11039
21310001,1,1.50855
21320001,4,1.42995
21330001,0,0.368716
21340001,3,0.78069
21350001,2,0.566117
21360001,0,0.00928978
21370001,4,0.900582
21380001,1,0.821139
21390001,1,0.981162
21400001,2,3.40161
21410001,0,1.10364
21420001,1,0.455929
21430001,1,0.506301
21440001,2,1.06466
21450001,0,0.374726
21460001,0,0.932284
21470001,0,1.02668
21480001,2,3.96314
21490001,0,0.85916
21500001,2,1.17633
21510001,0,0.107977
21520001,0,0.594531
21530001,2,0.751693
21540001,1,3.71762
21550001,3,0.913835
21560001,3,0.338988
21570001,0,0.626169
21580001,1,0.862597
21590001,0,0.0252951
21600001,1,0.471235
21610001,0,0.132478
21620001,2,0.222704
21630001,2,0.834986
21640001,2,1.20607
21650001,0,1.12705
21660001,0,1.11035
21670001,2,0.459941
21680001,0,1.02503
21690001,3,1.54712
21700001,0,0.138067
21710001,3,0.688346
21720001,0,0.389047
21730001,0,0.275401
21740001,3,0.89946
21750001,3,3.2563
21760001,0,1.05509
21770001,0,0.335527
21780001,0,0.852654
21790001,0,0.880124
21800001,3,0.215632
21810001,0,0.846095
21820001,0,0.251483
21830001,1,1.22365
21840001,1,1.96426
21850001,1,1.77832
21860001,4,1.26205
21870001,0,0.896597
21880001,2,0.916421
21890001,0,0.402007
21900001,2,0.141255
21910001,2,0.841612
21920001,0,0.282924
21930001,3,3.20044
21940001,1,0.312231
21950001,2,2.24671
21960001,1,1.78433
21970001,1,1.196
21980001,0,0.736999
21990001,1,0.230165
22000001,0,0.688673
22010001,0,0.122726
22020001,3,1.0468
22030001,2,1.59626
22040001,0,0.184075
22050001,1,1.67296
22060001,0,0.143251
22070001,1,1.24579
22080001,0,0.0910748
22090001,0,0.121672
22100001,0,0.301096
22110001,3,2.39424
22120001,0,0.504821
22130001,0,0.476971
22140001,0,0.131237
22150001,0,1.02443
22160001,2,0.62652
22170001,2,0.625682
22180001,0,0.244931
22190001,0,0.353214
22200001,1,2.35213
22210001,0,0.21226
22220001,1,0.723753
22230001,2,1.73072
22240001,0,1.47728
22250001,1,0.692408
22260001,1,0.769394
22270001,3,1.51789
22280001,3,3.96059
22290001,0,0.686191
22300001,1,0.670776
22310001,0,0.410493
22320001,1,0.713999
22330001,4,3.44123
22340001,2,4.11792
22350001,1,2.93537
22360001,1,1.65862
22370001,4,0.193341
22380001,3,1.82868
22390001,0,0.0182613
22400001,1,0.493046
22410001,2,1.17548
22420001,0,0.54328
22430001,1,0.465643
22440001,0,2.34408
22450001,1,1.78344
22460001,1,0.756881
22470001,2,2.68043
22480001,1,0.127559
22490001,1,0.359288
22500001,0,0.270168
22510001,3,1.8448
22520001,3,0.0922578
22530001,0,0.444523
22540001,0,0.00157322
22550001,1,0.082637
22560001,0,0.105008
22570001,2,0.884149
22580001,1,0.834623
22590001,3,1.43165
22600001,0,0.0914092
22610001,1,1.30969
22620001,2,0.212612
22630001,0,0.199654
22640001,2,1.76754
22650001,1,1.98324
22660001,2,2.6826
22670001,0,0.00940379
22680001,0,0.962945
22690001,0,0.088985
22700001,0,0.867052
22710001,2,5.58076
22720001,1,1.76452
22730001,2,2.77326
22740001,1,0.811756
22750001,1,0.61856
22760001,2,1.69277
22770001,0,0.309487
22780001,2,2.24551
22790001,1,0.176089
22800001,2,4.63747
22810001,0,0.0958289
22820001,0,1.96355
22830001,2,0.795342
22840001,2,2.22039
22850001,0,0.451204
22860001,0,0.467441
22870001,2,0.745378
22880001,4,1.58175
22890001,0,0.165876
22900001,3,1.38378
22910001,1,1.69517
22920001,3,1.2932
22930001,0,0.358354
22940001,2,2.32724
22950001,0,0.466673
22960001,0,0.789244
22970001,1,4.08743
22980001,3,2.02143
22990001,3,0.332909
23000001,3,3.54861
23010001,0,0.461405
23020001,5,0.470301
23030001,3,0.141079
23040001,0,0.390217
23050001,0,0.932667
23060001,3,2.18952
23070001,0,1.01264
23080001,2,0.927239
23090001,1,2.56437
23100001,2,2.56156
23110001,0,0.0877085
23120001,2,1.60549
23130001,1,1.22215
23140001,0,0.610709
23150001,1,0.522393
23160001,0,1.39752
23170001,3,2.11416
23180001,3,0.939184
23190001,0,0.175106
23200001,0,0.547658
23210001,0,0.0706653
23220001,0,1.19384
23230001,0,0.145805
23240001,0,0.464805
23250001,2,2.5119
23260001,3,4.17554
23270001,2,0.698534
23280001,0,1.39954
23290001,2,0.190714
23300001,2,0.399461
23310001,0,0.151934
23320001,1,0.365913
23330001,1,0.784172
23340001,2,0.64842
23350001,2,2.20573
23360001,2,4.02135
23370001,0,0.553374
23380001,2,0.527639
23390001,0,1.49503
23400001,1,2.33695
23410001,0,0.36475
23420001,1,1.14205
23430001,1,0.363534
23440001,1,0.155746
23450001,0,0.934829
23460001,0,0.752311
23470001,0,0.493991
23480001,0,0.167469
23490001,0,1.31883
23500001,4,0.637574
23510001,0,0.315276
23520001,0,1.57801
23530001,1,1.39446
23540001,2,2.32492
23550001,5,0.34027
23560001,3,3.00613
23570001,8,0.641628
23580001,1,1.92775
23590001,1,0.447936
23600001,1,2.57263
23610001,0,1.97605
23620001,0,0.103559
23630001,2,0.785584
23640001,1,1.23126
23650001,0,1.00058
23660001,1,1.55051
23670001,0,0.0537188
23680001,0,0.484215
23690001,2,0.424385
23700001,3,1.15509
23710001,4,1.67726
23720001,0,0.00320461
23730001,0,0.705839
23740001,0,0.151912
23750001,0,0.627332
23760001,1,1.23769
23770001,3,0.322783
23780001,3,0.210025
23790001,1,0.957608
23800001,1,0.687932
23810001,1,4.12478
23820001,1,0.984644
23830001,1,0.299732
23840001,1,3.61387
23850001,0,0.099062
23860001,0,0.19122
23870001,1,5.20519
23880001,1,0.336829
23890001,2,0.527654
23900001,2,5.27466
23910001,0,1.14767
23920001,0,0.20456
23930001,0,1.35119
23940001,1,0.300607
23950001,0,0.421043
23960001,1,1.167
23970001,0,0.743704
23980001,0,0.14422
23990001,0,0.576504
24000001,0,0.0236775
24010001,3,1.48027
24020001,0,0.13702
24030001,2,3.46815
24040001,1,1.56149
24050001,3,3.28948
24060001,2,1.0826
24070001,2,0.399056
24080001,0,0.369481
24090001,0,0.104395
24100001,1,6.26589
24110001,1,1.31131
24120001,2,0.528686
24130001,0,0.295696
24140001,0,4.9875
24150001,0,1.18343
24160001,0,0.255214
24170001,2,1.16745
24180001,0,1.18759
24190001,1,0.606897
24200001,2,0.927984
24210001,0,0.0855667
24220001,0,0.673536
24230001,1,1.02944
24240001,0,1.04605
24250001,3,1.59935
24260001,2,0.102073
24270001,0,0.0515987
24280001,2,1.11789
24290001,2,3.55922
24300001,1,2.42397
24310001,1,2.14971
24320001,0,0.0253803
24330001,0,0.801773
24340001,1,0.264172
24350001,0,0.00133006
24360001,0,0.552437
24370001,0,0.171901
24380001,1,0.21295
24390001,0,0.53819
24400001,1,0.280524
24410001,0,1.30495
24420001,0,0.249089
24430001,1,0.844792
24440001,1,0.781569
24450001,0,1.07866
24460001,0,0.763656
24470001,0,0.42172
24480001,0,0.089371
24490001,0,1.16014
24500001,0,1.80154
24510001,0,0.168956
24520001,5,1.86263
24530001,2,1.92778
24540001,1,0.981704
24550001,2,2.14069
24560001,0,0.173505
24570001,1,1.56389
24580001,1,0.908527
24590001,1,0.340133
24600001,0,0.0304954
24610001,1,1.88804
24620001,0,0.230322
24630001,1,0.675891
24640001,6,0.633587
24650001,0,0.299264
24660001,2,1.926
24670001,0,0.453178
24680001,3,0.867834
24690001,1,1.69563
24700001,0,0.476786
24710001,1,2.39415
24720001,0,0.654322
24730001,2,1.2474
24740001,0,0.308605
24750001,1,0.618046
24760001,0,0.105619
24770001,1,0.902215
24780001,0,2.64413
24790001,0,0.0636871
24800001,0,0.728863
24810001,1,0.534195
24820001,0,0.351741
24830001,3,5.85909
24840001,0,0.109329
24850001,0,1.47158
24860001,1,5.56507
24870001,5,1.68699
24880001,1,1.93281
24890001,0,0.236535
24900001,4,0.535999
24910001,3,4.46273
24920001,1,0.459388
24930001,1,4.11651
24940001,0,1.29015
24950001,1,0.704884
24960001,2,1.03267
24970001,0,0.443864
24980001,3,0.94173
24990001,0,0.0621136
25000001,1,2.0817
25010001,1,0.62047
25020001,1,0.560083
25030001,0,0.179313
25040001,0,0.196984
25050001,2,3.7214
25060001,1,0.232135
25070001,0,0.339383
25080001,0,0.114913
25090001,3,5.94517
25100001,1,2.27311
25110001,0,0.614908
25120001,2,0.352834
25130001,1,0.904604
25140001,0,0.510117
25150001,0,0.0759346
25160001,0,0.364144
25170001,0,0.225664
25180001,2,3.04105
25190001,0,0.0968639
25200001,4,1.41437
25210001,0,0.0214265
25220001,1,0.834927
25230001,0,0.169923
25240001,1,0.13997
25250001,3,1.02594
25260001,1,1.71686
25270001,2,1.98072
25280001,3,0.329464
25290001,1,0.444954
25300001,0,1.60417
25310001,0,0.057349
25320001,0,0.340048
25330001,0,0.900468
25340001,2,2.91181
25350001,0,0.115978
25360001,0,0.484789
25370001,0,0.951158
25380001,1,0.269355
25390001,1,2.08763
25400001,3,2.31125
25410001,2,1.18152
25420001,2,1.01351
25430001,1,0.835497
25440001,0,0.453528
25450001,0,0.077108
25460001,0,1.37684
25470001,1,1.35855
25480001,0,0.0501953
25490001,0,0.823555
25500001,3,1.08177
25510001,3,2.03377
25520001,0,0.720651
25530001,0,2.1669
25540001,4,1.50012
25550001,0,0.0169901
25560001,0,0.0444155
25570001,0,1.19986
25580001,0,0.00351305
25590001,3,2.66025
25600001,3,0.931309
25610001,0,0.0630789
25620001,0,0.610344
25630001,0,0.268406
25640001,0,0.0584395
25650001,0,0.335342
25660001,0,0.459082
25670001,3,1.61228
25680001,0,0.0769592
25690001,0,1.14267
25700001,2,1.11277
25710001,4,3.93381
25720001,0,0.713568
25730001,1,0.787121
25740001,1,0.436806
25750001,0,1.61966
25760001,1,0.350532
25770001,1,0.821872
25780001,0,0.0257364
25790001,3,3.56666
25800001,1,0.194163
25810001,0,0.145649
25820001,2,1.71846
25830001,0,0.478519
25840001,1,3.02648
25850001,4,2.48767
25860001,0,0.176282
25870001,0,0.0415517
25880001,0,0.132188
25890001,1,2.11514
25900001,2,1.94626
25910001,3,1.55404
25920001,0,0.257376
25930001,1,0.545141
25940001,1,1.16526
25950001,0,0.280705
25960001,0,0.256007
25970001,0,0.189708
25980001,1,0.783887
25990001,3,0.638121
26000001,0,0.105451
26010001,0,0.185603
26020001,0,0.176119
26030001,1,0.926974
26040001,1,0.185432
26050001,0,0.033512
26060001,2,1.34508
26070001,1,0.533417
26080001,0,5.06379
26090001,1,0.279979
26100001,2,0.593188
26110001,0,0.763674
26120001,1,1.73479
26130001,0,0.658292
26140001,0,0.0323883
26150001,1,1.81677
26160001,1,0.871517
26170001,1,2.31253
26180001,0,0.632598
26190001,1,0.351604
26200001,2,0.457892
26210001,1,1.28859
26220001,2,0.537673
26230001,0,0.394773
26240001,0,1.07854
26250001,1,0.0544566
26260001,1,0.46091
26270001,0,1.06555
26280001,0,0.458607
26290001,0,0.126264
26300001,0,0.433116
26310001,1,1.02265
26320001,1,0.538287
26330001,0,0.447091
26340001,1,1.36906
26350001,0,1.51785
26360001,1,1.2759
26370001,1,1.5454
26380001,2,0.854373
26390001,0,0.437064
26400001,0,1.11883
26410001,0,0.422354
26420001,2,1.35163
26430001,1,0.57918
26440001,1,2.41589
26450001,1,1.19921
26460001,0,0.19568
26470001,0,0.77554
26480001,1,0.29966
26490001,2,1.42512
26500001,2,0.0421219
26510001,3,4.26516
26520001,1,2.66974
26530001,1,2.53608
26540001,1,2.07995
26550001,0,0.276959
26560001,0,0.506284
26570001,0,0.171243
26580001,1,0.840242
26590001,0,0.312331
26600001,1,0.639676
26610001,1,1.48848
26620001,0,0.206565
26630001,0,0.679664
26640001,1,1.15833
26650001,0,0.371709
26660001,0,0.084248
26670001,0,0.0892145
26680001,0,0.00711365
26690001,1,0.462488
26700001,1,0.341595
26710001,2,2.83058
26720001,2,0.565149
26730001,2,0.922043
26740001,1,0.377437
26750001,0,0.104111
26760001,1,1.39075
26770001,0,0.136274
26780001,2,1.19699
26790001,1,4.79157
26800001,0,0.0611675
26810001,3,2.21876
26820001,0,0.144963
26830001,1,2.8607
26840001,1,0.41027
26850001,0,0.0249603
26860001,0,0.685242
26870001,0,0.714249
26880001,1,1.04428
26890001,0,0.974337
26900001,2,0.483303
26910001,1,0.88355
26920001,3,0.315849
26930001,0,0.251272
26940001,0,0.00588241
26950001,4,2.89187
26960001,2,0.651291
26970001,0,0.436834
26980001,3,3.9057
26990001,1,0.900169
27000001,1,2.18648
27010001,3,3.01226
27020001,2,0.977228
27030001,2,1.70789
27040001,1,0.39794
27050001,0,0.018823
27060001,0,0.551905
27070001,0,0.190857
27080001,1,0.0782443
27090001,2,1.05216
27100001,2,2.14898
27110001,0,0.0523943
27120001,0,0.194894
27130001,0,0.633987
27140001,2,0.5566
27150001,0,0.241069
27160001,1,0.730794
27170001,0,1.99301
27180001,1,0.942595
27190001,1,0.0390527
27200001,0,4.52751
27210001,0,0.647896
27220001,1,0.411964
27230001,1,0.418845
27240001,0,0.00166389
27250001,0,0.0607221
27260001,1,0.180581
27270001,1,0.63993
27280001,1,0.588813
27290001,3,2.53117
27300001,0,0.0235503
27310001,0,0.802631
27320001,0,3.06303
27330001,0,0.438952
27340001,0,0.751796
27350001,0,0.188375
27360001,3,0.411961
27370001,1,0.697537
27380001,1,0.244505
27390001,2,1.17906
27400001,0,0.0166634
27410001,0,0.0609588
27420001,0,0.0743418
27430001,1,0.398244
27440001,2,1.66045
27450001,1,0.367244
27460001,1,0.315116
27470001,1,0.29769
27480001,0,0.778934
27490001,2,1.3826
27500001,0,0.0933842
27510001,0,0.000767403
27520001,0,0.0577258
27530001,1,3.13876
27540001,1,2.1762
27550001,0,0.137096
27560001,0,0.103011
27570001,2,1.87518
27580001,0,0.0671304
27590001,1,0.301386
27600001,0,0.111926
27610001,1,0.415758
27620001,1,0.235794
27630001,1,0.704739
27640001,1,0.973142
27650001,1,3.18814
27660001,1,0.376607
27670001,0,0.380311
27680001,0,0.26571
27690001,0,0.0644398
27700001,1,1.68579
27710001,0,0.477626
27720001,0,0.0787736
27730001,0,0.116989
27740001,0,1.59548
27750001,1,0.785907
27760001,1,0.940655
27770001,0,0.694345
27780001,1,0.284629
27790001,2,3.6772
27800001,0,0.0317837
27810001,1,0.539274
27820001,0,0.316166
27830001,0,0.142016
27840001,0,0.407872
27850001,2,0.424558
27860001,0,0.384768
27870001,1,1.81142
27880001,0,0.395024
27890001,1,4.62486
27900001,2,0.0576435
27910001,2,0.986481
27920001,1,1.29504
27930001,2,0.938159
27940001,0,0.983212
27950001,0,0.213268
27960001,1,2.25306
27970001,1,0.623329
27980001,0,0.287934
27990001,0,0.828851
28000001,0,0.473999
28010001,0,0.31328
28020001,2,2.42664
28030001,0,0.0984331
28040001,0,0.915367
28050001,0,0.0171988
28060001,0,1.97788
28070001,0,1.81968
28080001,0,0.173845
28090001,3,0.150318
28100001,0,2.96043
28110001,0,0.408401
28120001,1,1.57326
28130001,2,1.64708
28140001,0,0.160451
28150001,1,0.689823
28160001,2,1.68338
28170001,0,0.574265
28180001,3,2.29517
28190001,1,0.371661
28200001,0,0.62401
28210001,0,1.47925
28220001,0,0.291522
28230001,0,0.229734
28240001,1,0.31438
28250001,2,0.167675
28260001,2,0.579664
28270001,0,0.785535
28280001,0,0.237756
28290001,0,1.0471
28300001,0,0.140709
28310001,1,0.289764
28320001,0,0.147965
28330001,2,0.757403
28340001,0,0.899673
28350001,1,0.629429
28360001,0,0.137589
28370001,0,0.0475053
28380001,0,1.04179
28390001,2,2.44727
28400001,1,0.158753
28410001,1,1.0651
28420001,3,1.35374
28430001,0,0.413107
28440001,1,0.743616
28450001,3,0.972503
28460001,2,1.26392
28470001,4,1.13087
28480001,1,0.345117
28490001,1,0.45239
28500001,1,1.17132
28510001,2,1.59403
28520001,1,0.985694
28530001,0,0.32171
28540001,1,1.48611
28550001,2,0.463711
28560001,0,0.0551272
28570001,0,0.395144
28580001,2,0.377959
28590001,0,0.036777
28600001,0,0.103694
28610001,1,1.05606
28620001,0,0.353109
28630001,1,1.84171
28640001,2,1.88137
28650001,1,1.18986
28660001,2,3.56179
28670001,0,0.305261
28680001,0,0.146076
28690001,0,0.39571
28700001,0,0.55776
28710001,0,0.241469
28720001,0,0.743467
28730001,0,0.752889
28740001,3,0.517371
28750001,0,0.0711669
28760001,0,1.46789
28770001,1,1.06273
28780001,1,1.00009
28790001,0,0.306063
28800001,4,1.29734
28810001,2,0.163912
28820001,2,0.379946
28830001,0,0.199478
28840001,0,0.211495
28850001,2,0.286434
28860001,0,0.0259632
28870001,0,0.604789
28880001,0,2.17148
28890001,0,0.0718316
28900001,0,1.34824
28910001,1,1.65766
28920001,0,1.42413
28930001,0,0.846049
28940001,0,0.940958
28950001,0,0.0505013
28960001,0,0.173417
28970001,0,0.0122477
28980001,3,1.06166
28990001,3,0.556696
29000001,0,0.0608504
29010001,0,0.108812
29020001,0,1.23429
29030001,1,0.713131
29040001,0,0.0531767
29050001,1,1.36471
29060001,1,0.861557
29070001,0,0.0901716
29080001,0,0.394318
29090001,2,0.889958
29100001,0,0.526746
29110001,0,0.847966
29120001,1,1.50731
29130001,1,0.0817254
29140001,1,1.90583
29150001,0,1.11812
29160001,0,0.0868353
29170001,0,0.384895
29180001,0,1.66497
29190001,2,1.39648
29200001,0,0.20495
29210001,1,2.18465
29220001,0,0.922062
29230001,5,3.12487
29240001,0,0.476171
29250001,0,0.891505
29260001,1,1.45416
29270001,1,0.885526
29280001,1,0.0573118
29290001,1,1.14822
29300001,0,0.245
29310001,2,1.74783
29320001,3,3.14249
29330001,1,0.0930061
29340001,1,2.42687
29350001,0,2.58778
29360001,1,2.07291
29370001,2,0.773295
29380001,0,0.270137
29390001,1,0.838348
29400001,1,1.55272
29410001,2,1.26324
29420001,3,2.82318
29430001,2,2.68319
29440001,1,0.566899
29450001,0,0.0117472
29460001,0,0.914306
29470001,0,0.239166
29480001,1,0.00749399
29490001,3,0.194103
29500001,3,0.980766
29510001,0,1.14108
29520001,2,1.22252
29530001,0,0.0322957
29540001,0,0.451301
29550001,1,0.256039
29560001,2,2.43457
29570001,5,0.580107
29580001,2,0.435921
29590001,0,0.688496
29600001,1,0.333473
29610001,1,0.648745
29620001,1,1.02557
29630001,0,0.426554
29640001,3,1.15732
29650001,1,3.32844
29660001,1,2.18715
29670001,1,1.26413
29680001,3,0.727066
29690001,0,0.761704
29700001,0,1.38567
29710001,1,1.2334
29720001,0,0.0658337
29730001,0,0.411078
29740001,1,0.237255
29750001,4,3.28663
29760001,1,0.229539
29770001,0,1.4183
29780001,2,0.905505
29790001,1,0.268402
29800001,0,0.0258854
29810001,2,0.89365
29820001,1,0.187434
29830001,1,0.922915
29840001,1,1.07314
29850001,3,1.45414
29860001,0,0.358727
29870001,0,0.0737315
29880001,0,0.133779
29890001,2,2.24445
29900001,0,0.539618
29910001,0,0.20065
29920001,0,2.89083
29930001,0,1.0818
29940001,2,0.431074
29950001,3,3.1407
29960001,1,1.32764
29970001,1,0.971061
29980001,1,2.16232
29990001,1,2.26334
30000001,1,1.02356
30010001,0,0.561528
30020001,1,0.234449
30030001,0,0.0849341
30040001,0,0.0671403
30050001,0,0.134142
30060001,0,0.57531
30070001,1,0.441428
30080001,0,0.0576007
30090001,0,1.25143
30100001,0,0.432337
30110001,2,0.591661
30120001,1,0.496376
30130001,0,0.948527
30140001,2,3.41246
30150001,3,0.893099
30160001,2,1.03398
30170001,3,2.28936
30180001,0,0.362921
30190001,2,2.53603
30200001,3,1.85471
30210001,2,3.37577
30220001,0,0.275025
30230001,0,0.784824
30240001,0,1.09809
30250001,1,0.481952
30260001,1,0.579317
30270001,1,2.88422
30280001,1,0.670243
30290001,1,0.949978
30300001,1,1.02169
30310001,3,1.47351
30320001,1,1.90713
30330001,2,0.313316
30340001,0,0.637802
30350001,1,0.194855
30360001,1,1.35956
30370001,2,0.950325
30380001,0,1.71251
30390001,1,2.57274
30400001,4,0.103063
30410001,2,0.797436
30420001,1,0.67986
30430001,2,2.15717
30440001,1,3.60632
30450001,0,0.49986
30460001,0,0.187246
30470001,0,0.49831
30480001,0,0.150856
30490001,3,1.31979
30500001,1,1.53045
30510001,2,1.66134
30520001,2,2.59992
30530001,0,0.245314
30540001,0,0.122897
30550001,2,2.3483
30560001,3,4.64841
30570001,1,1.48546
30580001,0,1.86586
30590001,0,0.373
30600001,1,1.05616
30610001,2,0.52101
30620001,1,0.100228
30630001,0,1.19148
30640001,0,0.39075
30650001,0,0.712779
30660001,3,0.825013
30670001,1,5.03064
30680001,1,1.17967
30690001,4,1.67865
30700001,0,0.143958
30710001,0,0.152657
30720001,1,1.31843
30730001,0,0.181671
30740001,1,0.749045
30750001,2,1.02933
30760001,0,0.352488
30770001,0,0.996519
30780001,2,0.190834
30790001,1,1.93485
30800001,1,1.16706
30810001,0,0.661466
30820001,0,0.170712
30830001,0,2.01849
30840001,1,0.476322
30850001,1,0.187134
30860001,1,0.242956
30870001,0,0.0357197
30880001,1,4.57251
30890001,1,2.11204
30900001,0,0.174533
30910001,3,5.73806
30920001,2,0.907122
30930001,3,1.78259
30940001,1,1.57407
30950001,0,0.549355
30960001,1,0.0783337
30970001,3,1.49371
30980001,0,0.377614
30990001,0,0.162273
31000001,2,0.474337
31010001,2,0.170476
31020001,0,0.237861
31030001,1,1.37336
31040001,2,0.732972
31050001,0,0.353119
31060001,0,0.126114
31070001,1,1.78207
31080001,0,1.14239
31090001,0,0.283798
31100001,1,3.05919
31110001,0,2.39744
31120001,1,0.414602
31130001,0,0.302858
31140001,1,0.894332
31150001,1,0.389612
31160001,1,0.961785
31170001,0,1.31447
31180001,0,0.655465
31190001,1,1.15989
31200001,2,0.654821
31210001,0,0.575356
31220001,1,1.07869
31230001,1,0.441168
31240001,1,0.694687
31250001,0,0.455648
31260001,0,0.0367826
31270001,1,0.808927
31280001,0,0.137042
31290001,2,0.285296
31300001,0,0.471693
31310001,0,0.0720482
31320001,0,1.76556
31330001,1,2.16418
31340001,1,1.75614
31350001,0,0.599615
31360001,1,0.294508
31370001,0,1.27692
31380001,1,0.756415
31390001,0,0.619316
31400001,0,0.137887
31410001,1,0.037875
31420001,0,0.396346
31430001,2,1.65512
31440001,2,0.524707
31450001,0,0.64318
31460001,0,0.316218
31470001,0,0.76114
31480001,2,0.580017
31490001,0,0.633221
31500001,0,0.753267
31510001,2,1.87244
31520001,0,0.0866246
31530001,0,0.0430909
31540001,1,0.674449
31550001,1,1.08345
31560001,0,0.0027152
31570001,2,1.31985
31580001,1,0.494804
31590001,1,0.592153
31600001,0,1.40159
31610001,0,0.350155
31620001,2,1.11659
31630001,2,2.00455
31640001,1,0.198938
31650001,0,0.665277
31660001,1,1.28189
31670001,2,0.468776
31680001,0,0.156105
31690001,2,1.10121
31700001,0,1.74584
31710001,0,0.0471438
31720001,0,0.447565
31730001,0,0.762924
31740001,0,0.438151
31750001,0,0.522487
31760001,0,1.05803
31770001,2,1.56906
31780001,1,1.0095
31790001,1,0.255005
31800001,0,0.0415179
31810001,0,0.956853
31820001,0,0.0140463
31830001,0,0.674383
31840001,4,1.76672
31850001,0,0.100795
31860001,1,1.16887
31870001,0,0.0164357
31880001,0,0.285319
31890001,0,0.0361108
31900001,1,0.238903
31910001,2,0.339439
31920001,2,1.17977
31930001,0,0.34299
31940001,0,0.0549596
31950001,1,1.05925
31960001,0,0.0224821
31970001,0,1.99133
31980001,0,0.461
31990001,3,0.257951
32000001,1,4.27404
32010001,1,0.684579
32020001,1,3.78198
32030001,3,0.89744
32040001,0,1.27226
32050001,0,0.0413941
32060001,1,1.01836
32070001,0,0.423003
32080001,3,0.770339
32090001,1,4.06176
32100001,1,1.54612
32110001,0,4.40913
32120001,0,0.995032
32130001,1,1.67939
32140001,0,1.63693
32150001,0,0.74721
32160001,1,2.33269
32170001,4,2.87813
32180001,0,1.4511
32190001,0,0.241731
32200001,4,3.76515
32210001,1,1.14334
32220001,3,1.94007
32230001,0,0.420465
32240001,1,0.22436
32250001,1,0.579996
32260001,1,0.646722
32270001,1,0.99488
32280001,0,0.205098
32290001,0,0.898466
32300001,2,3.19984
32310001,0,1.91833
32320001,2,1.75468
32330001,1,0.146758
32340001,0,0.0128805
32350001,2,1.00376
32360001,3,3.98241
32370001,0,0.0900293
32380001,2,1.10002
32390001,0,0.522217
32400001,0,0.0886682
32410001,0,0.673799
32420001,0,0.493899
32430001,0,1.01726
32440001,0,0.554973
32450001,0,0.0343584
32460001,1,3.37302
32470001,2,1.22911
32480001,0,0.445162
32490001,1,0.439241
32500001,0,0.594561
32510001,0,0.28885
32520001,3,1.1731
32530001,0,1.44261
32540001,0,2.16597
32550001,0,0.00650556
32560001,0,0.208359
32570001,2,1.8698
32580001,4,1.18582
32590001,1,1.60113
32600001,1,1.94298
32610001,1,0.223413
32620001,3,0.229538
32630001,0,1.22817
32640001,0,0.768779
32650001,1,0.263277
32660001,2,1.23015
32670001,4,2.13174
32680001,0,0.065948
32690001,0,0.11634
32700001,1,0.736913
32710001,0,1.47615
32720001,3,1.30203
32730001,1,0.515652
32740001,2,1.57175
32750001,0,0.790671
32760001,2,1.83589
32770001,0,0.213297
32780001,3,1.43357
32790001,3,2.20336
32800001,1,0.660547
32810001,0,0.056841
32820001,2,1.23442
32830001,3,0.994898
32840001,1,0.62499
32850001,3,0.666433
32860001,2,0.0198359
32870001,0,0.0531543
32880001,0,0.0230896
32890001,2,3.19687
32900001,2,2.5729
32910001,2,1.56086
32920001,2,1.37134
32930001,0,1.15054
32940001,0,1.47292
32950001,3,1.09064
32960001,0,0.270942
32970001,1,1.37177
32980001,0,0.109479
32990001,1,0.0431231
33000001,0,0.333441
33010001,3,2.23124
33020001,1,0.498692
33030001,1,0.771203
33040001,0,0.00999142
33050001,0,0.225183
33060001,0,0.609053
33070001,0,0.916283
33080001,0,1.26262
33090001,0,0.212893
33100001,1,1.83861
33110001,1,0.747317
33120001,1,0.440955
33130001,0,0.508904
33140001,0,0.356155
33150001,0,0.0970804
33160001,3,0.381105
33170001,1,0.492082
33180001,3,0.24486
33190001,2,0.520596
33200001,2,2.37276
33210001,0,0.00933208
33220001,0,1.09463
33230001,0,2.07915
33240001,1,0.322676
33250001,0,0.0379714
33260001,2,2.35032
33270001,0,0.505467
33280001,1,0.103545
33290001,1,0.430063
33300001,1,0.648261
33310001,1,0.469544
33320001,1,1.13046
33330001,1,0.933529
33340001,1,0.442279
33350001,1,1.12871
33360001,1,1.25229
33370001,1,1.23924
33380001,3,3.11296
33390001,0,0.673067
33400001,1,0.902745
33410001,0,0.0239175
33420001,0,1.81368
33430001,3,2.69629
33440001,1,1.60456
33450001,0,0.0583605
33460001,1,0.273768
33470001,2,1.58613
33480001,1,0.985528
33490001,0,1.12445
33500001,0,1.47873
33510001,0,0.546152
33520001,0,0.176447
33530001,1,1.42634
33540001,1,0.402553
33550001,2,1.6031
33560001,1,4.80699
33570001,0,1.69906
33580001,0,0.389015
33590001,0,0.0387632
33600001,3,1.69887
33610001,0,0.124839
33620001,1,0.859892
33630001,2,1.71046
33640001,1,0.769452
33650001,1,0.899638
33660001,1,0.0767771
33670001,1,1.53296
33680001,1,0.0675483
33690001,0,0.804235
33700001,1,1.02769
33710001,3,1.83292
33720001,2,0.509028
33730001,3,0.647068
33740001,1,2.89436
33750001,4,4.55055
33760001,1,0.754159
33770001,0,0.0398509
33780001,4,3.17673
33790001,1,0.277903
33800001,1,0.413873
33810001,0,0.306898
33820001,0,0.126536
33830001,2,0.498904
33840001,0,0.594
33850001,2,2.59776
33860001,1,1.35466
33870001,2,0.204269
33880001,2,0.400657
33890001,0,1.23246
33900001,3,1.21362
33910001,0,0.658939
33920001,1,1.81321
33930001,0,0.424848
33940001,0,0.748824
33950001,1,0.905462
33960001,0,0.626846
33970001,0,0.614484
33980001,1,1.63213
33990001,1,1.08271
34000001,6,1.82013
34010001,0,0.113129
34020001,0,0.453166
34030001,0,0.0229236
34040001,0,0.0732481
34050001,0,0.00428636
34060001,0,0.085505
34070001,2,0.348291
34080001,0,2.89833
34090001,0,0.204549
34100001,1,0.516776
34110001,0,0.222425
34120001,1,1.22581
34130001,0,1.16346
34140001,1,4.09939
34150001,0,0.0868689
34160001,1,0.484125
34170001,3,1.04805
34180001,0,0.321796
34190001,2,0.908982
34200001,0,4.27863
34210001,0,0.28947
34220001,0,0.314675
34230001,2,0.202891
34240001,1,0.428169
34250001,0,0.945941
34260001,2,0.599593
34270001,0,0.863941
34280001,1,0.989352
34290001,0,0.207483
34300001,0,0.106853
34310001,1,0.811845
34320001,0,0.326224
34330001,5,1.51363
34340001,0,2.3073
34350001,0,0.114575
34360001,1,1.55705
34370001,2,0.694696
34380001,0,0.58456
34390001,2,1.49029
34400001,0,0.235048
34410001,1,1.66722
34420001,1,0.352073
34430001,0,0.335091
34440001,2,1.61588
34450001,1,1.81648
34460001,4,3.20657
34470001,2,0.744201
34480001,0,0.355423
34490001,0,0.161097
34500001,4,2.00947
34510001,0,1.16376
34520001,0,0.0777432
34530001,0,0.368549
34540001,2,0.665226
34550001,1,0.279626
34560001,1,1.87817
34570001,1,0.375893
34580001,4,2.8056
34590001,2,2.25429
34600001,0,1.40719
34610001,2,0.158821
34620001,2,2.1902
34630001,0,0.169268
34640001,1,0.594803
34650001,1,0.0583786
34660001,1,0.876513
34670001,0,0.0268698
34680001,2,0.409747
34690001,2,3.38685
34700001,2,0.793802
34710001,0,1.2978
34720001,0,0.288053
34730001,3,2.84344
34740001,0,0.00679538
34750001,0,2.7072
34760001,0,1.33794
34770001,0,0.481269
34780001,0,0.167397
34790001,0,0.0982284
34800001,0,0.254278
34810001,1,1.62056
34820001,0,0.0799984
34830001,0,0.957024
34840001,0,0.406604
34850001,0,0.70028
34860001,0,0.259029
34870001,0,1.18591
34880001,0,1.15134
34890001,1,0.313828
34900001,1,1.42218
34910001,0,0.414562
34920001,0,0.868699
34930001,6,1.01172
34940001,0,1.29828
34950001,1,1.24549
34960001,1,0.474031
34970001,0,1.29842
34980001,1,0.142096
34990001,0,0.31676
35000001,3,0.602142
35010001,0,0.105187
35020001,5,2.53862
35030001,0,0.268384
35040001,1,0.310877
35050001,0,0.0677974
35060001,0,0.303872
35070001,0,0.560448
35080001,1,2.28575
35090001,5,2.72101
35100001,0,0.134541
35110001,0,0.28894
35120001,1,0.835759
35130001,1,0.427788
35140001,0,0.819845
35150001,0,0.0351762
35160001,3,0.579606
35170001,2,0.747365
35180001,1,2.11093
35190001,4,0.853569
35200001,0,0.114098
35210001,0,0.153536
35220001,4,0.492807
35230001,1,0.122872
35240001,1,0.0820984
35250001,1,1.24844
35260001,0,0.177713
35270001,1,1.86572
35280001,2,1.02988
35290001,1,0.196288
35300001,0,0.337847
35310001,1,0.574009
35320001,1,1.71802
35330001,1,1.91165
35340001,2,0.0989754
35350001,1,2.37945
35360001,0,0.662772
35370001,0,0.134208
35380001,0,1.02488
35390001,1,3.14971
35400001,2,0.155267
35410001,1,3.02911
35420001,3,5.4153
35430001,1,1.02401
35440001,1,1.50783
35450001,1,2.89452
35460001,1,0.210702
35470001,2,0.52158
35480001,3,1.89753
35490001,0,0.414317
35500001,2,0.113701
35510001,0,0.0829347
35520001,1,2.60338
35530001,4,2.13047
35540001,0,0.235362
35550001,1,2.21406
35560001,0,0.226117
35570001,0,1.16526
35580001,0,0.145147
35590001,3,0.630632
35600001,4,1.90841
35610001,0,0.00198276
35620001,2,0.260149
35630001,1,0.730877
35640001,0,0.616027
35650001,0,0.336824
35660001,1,0.654259
35670001,1,1.26618
35680001,4,0.919508
35690001,0,0.123813
35700001,1,1.99783
35710001,1,0.327016
35720001,1,1.54851
35730001,0,0.660094
35740001,1,0.9276
35750001,0,0.0927432
35760001,0,0.064929
35770001,1,0.500853
35780001,0,0.0854238
35790001,2,3.98602
35800001,0,0.165467
35810001,0,0.532655
35820001,1,0.909512
35830001,1,0.433989
35840001,0,1.46272
35850001,0,0.354275
35860001,1,0.606515
35870001,1,0.661955
35880001,0,0.19584
35890001,0,0.107247
35900001,4,1.61131
35910001,0,0.0883365
35920001,0,0.0266783
35930001,1,1.56427
35940001,0,1.9427
35950001,0,0.609279
35960001,1,0.399076
35970001,0,1.08103
35980001,2,0.249677
35990001,0,0.287743
36000001,0,0.101818
36010001,1,2.42885
36020001,0,0.256339
36030001,0,1.83702
36040001,1,0.421585
36050001,0,0.181575
36060001,3,2.25337
36070001,1,0.691769
36080001,0,0.0588212
36090001,1,0.949124
36100001,0,0.295338
36110001,1,0.532257
36120001,0,0.039634
36130001,1,0.517711
36140001,1,0.315078
36150001,1,1.01659
36160001,0,0.832353
36170001,0,0.979026
36180001,0,0.312285
36190001,0,0.269793
36200001,1,1.32817
36210001,1,0.236803
36220001,2,1.54728
36230001,1,0.646613
36240001,1,0.221604
36250001,1,0.89434
36260001,0,0.346816
36270001,1,0.389469
36280001,1,1.29381
36290001,1,2.21447
36300001,0,1.22253
36310001,1,1.15493
36320001,0,0.00617755
36330001,0,0.471809
36340001,0,0.00177491
36350001,4,1.641
36360001,1,1.52329
36370001,4,4.307
36380001,2,0.371981
36390001,3,2.70414
36400001,2,1.24809
36410001,0,0.00752004
36420001,0,0.167827
36430001,2,0.180566
36440001,1,1.29916
36450001,0,0.248904
36460001,0,0.111343
36470001,2,1.00394
36480001,3,2.24047
36490001,0,0.606789
36500001,0,0.8366
36510001,1,1.57418
36520001,2,1.68865
36530001,1,0.226012
36540001,0,0.502292
36550001,2,1.00137
36560001,0,0.141219
36570001,0,0.758072
36580001,0,0.147909
36590001,0,0.627935
36600001,1,1.74353
36610001,0,0.0188152
36620001,0,0.303843
36630001,0,0.0155059
36640001,0,0.125998
36650001,1,0.908638
36660001,0,0.677013
36670001,0,0.826392
36680001,0,0.0522657
36690001,2,1.40675
36700001,1,0.189307
36710001,1,1.09579
36720001,0,0.0349083
36730001,2,1.79153
36740001,1,0.665285
36750001,2,1.2681
36760001,0,1.01734
36770001,0,0.199593
36780001,2,0.895595
36790001,1,1.24505
36800001,1,0.542901
36810001,0,0.397735
36820001,1,0.416731
36830001,1,0.309463
36840001,0,0.4674
36850001,1,0.403451
36860001,0,0.177712
36870001,0,0.293986
36880001,2,0.826945
36890001,2,2.12057
36900001,1,1.55788
36910001,3,1.18015
36920001,0,1.15995
36930001,1,1.03433
36940001,0,0.276153
36950001,4,1.46813
36960001,4,0.417075
36970001,1,1.103
36980001,0,0.199358
36990001,0,0.0834621
37000001,3,3.21376
37010001,2,2.30714
37020001,0,0.506503
37030001,0,0.393789
37040001,0,0.48046
37050001,0,0.214152
37060001,0,0.584612
37070001,1,0.83721
37080001,1,0.62572
37090001,2,1.5089
37100001,0,0.491937
37110001,0,1.21538
37120001,0,0.877356
37130001,1,1.15427
37140001,0,0.251666
37150001,2,1.34608
37160001,1,0.915775
37170001,0,0.00793293
37180001,0,0.208613
37190001,1,1.84996
37200001,0,0.405704
37210001,1,0.662998
37220001,0,0.204511
37230001,2,0.303171
37240001,1,0.0980284
37250001,1,1.54833
37260001,1,1.10957
37270001,0,0.490511
37280001,1,3.07745
37290001,0,0.0119228
37300001,0,0.0798365
37310001,0,0.469478
37320001,0,0.344283
37330001,2,0.45793
37340001,2,0.32422
37350001,0,1.30034
37360001,0,0.252033
37370001,0,0.246784
37380001,0,0.0954848
37390001,1,1.10968
37400001,0,0.819783
37410001,0,0.0435013
37420001,1,2.18143
37430001,0,2.73111
37440001,0,1.07866
37450001,1,0.124879
37460001,4,0.320557
37470001,0,0.742417
37480001,1,1.97297
37490001,1,2.2073
37500001,2,1.04937
37510001,1,2.85984
37520001,2,1.48913
37530001,1,0.0754382
37540001,0,0.0564971
37550001,2,0.302681
37560001,0,0.491604
37570001,0,0.352589
37580001,1,0.134523
37590001,0,0.189284
37600001,3,0.755207
37610001,2,0.944395
37620001,0,0.144335
37630001,0,0.339884
37640001,0,0.573318
37650001,0,0.241388
37660001,0,0.125187
37670001,0,0.144401
37680001,1,2.80158
37690001,2,2.26333
37700001,0,0.0816227
37710001,2,1.97167
37720001,0,0.0427845
37730001,1,0.74657
37740001,0,0.961308
37750001,0,1.3207
37760001,0,0.0221112
37770001,0,0.0921642
37780001,2,5.6624
37790001,0,0.395868
37800001,2,0.325746
37810001,0,0.499536
37820001,2,0.677108
37830001,2,0.92619
37840001,0,0.408096
37850001,0,0.114807
37860001,0,0.0974194
37870001,1,0.788399
37880001,0,0.271723
37890001,1,2.25833
37900001,0,0.02909
37910001,1,1.87481
37920001,1,2.93359
37930001,0,0.0454503
37940001,2,2.85727
37950001,1,0.069749
37960001,0,0.737644
37970001,2,1.18252
37980001,0,0.00175268
37990001,0,0.128142
38000001,1,0.243015
38010001,0,0.179505
38020001,1,0.453358
38030001,0,0.594177
38040001,0,0.575663
38050001,0,2.06603
38060001,2,0.633367
38070001,2,1.31495
38080001,1,2.40485
38090001,3,3.33619
38100001,0,1.0087
38110001,2,2.01679
38120001,1,1.38036
38130001,1,1.47943
38140001,0,1.40226
38150001,1,1.13745
38160001,0,1.1588
38170001,0,0.287686
38180001,0,0.603702
38190001,1,0.605172
38200001,0,1.2031
38210001,0,0.133799
38220001,3,0.598772
38230001,1,0.236079
38240001,0,0.118758
38250001,0,0.0743851
38260001,2,0.831478
38270001,0,0.00101807
38280001,5,0.641706
38290001,0,0.0194107
38300001,1,3.28114
38310001,2,2.68354
38320001,0,0.2655
38330001,0,2.08148
38340001,2,0.0774517
38350001,2,1.16036
38360001,3,3.35164
38370001,0,0.0262829
38380001,0,1.12915
38390001,0,0.100069
38400001,0,1.22132
38410001,2,0.545022
38420001,0,1.21771
38430001,3,0.505892
38440001,0,1.1182
38450001,0,0.545887
38460001,1,5.08553
38470001,3,2.26872
38480001,2,0.423078
38490001,0,1.213
38500001,0,0.29171
38510001,4,3.65806
38520001,0,0.356722
38530001,0,0.0678182
38540001,2,1.48216
38550001,2,1.21184
38560001,3,0.720026
38570001,1,0.207298
38580001,0,0.0372599
38590001,0,0.437109
38600001,2,1.88084
38610001,1,0.915056
38620001,2,0.469042
38630001,0,0.370557
38640001,2,1.26028
38650001,0,1.35124
38660001,2,0.700364
38670001,0,0.581427
38680001,2,0.941739
38690001,1,1.39384
38700001,0,0.75612
38710001,1,1.68894
38720001,1,0.498238
38730001,1,0.988709
38740001,1,1.13061
38750001,1,1.17959
38760001,0,0.371643
38770001,0,0.555758
38780001,0,0.402842
38790001,1,0.17102
38800001,1,0.461372
38810001,3,1.7814
38820001,2,2.14662
38830001,0,0.198163
38840001,0,1.51
38850001,0,0.651183
38860001,0,3.68665
38870001,1,1.57638
38880001,0,0.221333
38890001,0,0.115857
38900001,0,0.0539976
38910001,2,0.620502
38920001,2,1.06573
38930001,0,0.540243
38940001,1,0.262096
38950001,6,0.178574
38960001,0,1.12754
38970001,0,0.22984
38980001,0,0.14436
38990001,1,0.825761
39000001,2,0.710132
39010001,0,0.0611166
39020001,4,1.6129
39030001,2,0.436571
39040001,0,0.527168
39050001,2,0.138806
39060001,0,1.97782
39070001,0,0.388494
39080001,0,1.36047
39090001,2,0.351552
39100001,0,1.8621
39110001,0,0.965728
39120001,0,0.517518
39130001,1,0.693938
39140001,0,0.46992
39150001,1,0.488757
39160001,2,0.420182
39170001,1,1.34694
39180001,0,0.145968
39190001,3,5.66083
39200001,1,0.368684
39210001,1,0.391701
39220001,0,0.446887
39230001,0,0.135918
39240001,3,1.9679
39250001,0,0.160052
39260001,0,0.390924
39270001,2,3.43032
39280001,1,1.45135
39290001,1,3.38888
39300001,0,2.41815
39310001,1,0.593888
39320001,1,0.280056
39330001,0,0.32693
39340001,0,0.968809
39350001,0,1.20439
39360001,1,1.18674
39370001,2,3.73392
39380001,1,1.08366
39390001,0,0.175996
39400001,0,0.0940566
39410001,0,0.0935031
39420001,0,1.06183
39430001,0,0.759494
39440001,1,0.421585
39450001,0,0.175746
39460001,1,1.69788
39470001,3,0.340504
39480001,0,0.027451
39490001,0,1.0553
39500001,3,1.60528
39510001,2,1.23733
39520001,1,1.29484
39530001,0,2.07396
39540001,0,0.210539
39550001,2,0.443106
39560001,4,2.43797
39570001,2,1.33316
39580001,3,0.93535
39590001,0,0.0923391
39600001,0,1.13385
39610001,2,1.00307
39620001,2,0.451654
39630001,1,0.320557
39640001,1,0.588432
39650001,1,1.08128
39660001,0,1.46819
39670001,0,0.189089
39680001,0,0.111483
39690001,0,0.33126
39700001,0,0.218563
39710001,0,0.30986
39720001,2,0.175556
39730001,2,2.81469
39740001,1,0.00515708
39750001,2,0.672544
39760001,2,1.11169
39770001,1,0.747285
39780001,1,0.411579
39790001,1,2.39333
39800001,1,0.580628
39810001,0,0.0665535
39820001,4,3.30278
39830001,0,0.0194424
39840001,2,0.560455
39850001,2,1.00508
39860001,2,0.513505
39870001,2,3.1444
39880001,2,0.94047
39890001,1,0.0575304
39900001,0,0.223128
39910001,1,0.760142
39920001,3,2.67397
39930001,1,1.52236
39940001,7,0.254501
39950001,0,0.10623
39960001,1,0.0257716
39970001,3,1.22564
39980001,0,0.136364
39990001,3,0.741234
40000001,0,0.450673
40010001,0,1.79503
40020001,0,0.700815
40030001,3,1.04772
40040001,0,0.470561
40050001,0,0.897341
40060001,1,0.161359
40070001,0,0.819767
40080001,0,0.0555137
40090001,0,0.00653835
40100001,0,1.85389
40110001,1,1.42046
40120001,0,0.740133
40130001,0,0.211717
40140001,1,1.61712
40150001,3,1.26524
40160001,0,0.240748
40170001,2,0.622222
40180001,2,0.246657
40190001,0,1.26058
40200001,0,0.119276
40210001,0,0.157889
40220001,1,0.0852783
40230001,0,0.317292
40240001,2,0.297012
40250001,1,3.7447
40260001,1,1.14287
40270001,2,1.07981
40280001,2,1.48872
40290001,0,0.757896
40300001,4,0.277612
40310001,1,2.43109
40320001,3,1.29112
40330001,2,2.92187
40340001,1,2.25626
40350001,1,2.68903
40360001,1,1.72492
40370001,0,1.39463
40380001,0,0.17145
40390001,0,1.35092
40400001,0,0.513119
40410001,1,0.612786
40420001,0,0.171372
40430001,0,0.116971
40440001,4,2.13908
40450001,0,0.52364
40460001,3,2.17466
40470001,0,0.203387
40480001,1,1.51582
40490001,0,1.02516
40500001,1,1.85282
40510001,0,0.16024
40520001,1,0.543226
40530001,0,0.589012
40540001,0,0.827248
40550001,0,0.480722
40560001,0,0.421356
40570001,1,1.99901
40580001,1,1.01489
40590001,1,0.394979
40600001,0,0.403877
40610001,0,0.0526215
40620001,0,0.0660399
40630001,0,0.537236
40640001,0,0.314972
40650001,0,1.28116
40660001,0,0.426069
40670001,0,0.984086
40680001,1,0.333083
40690001,0,0.0325911
40700001,1,0.953082
40710001,4,1.50802
40720001,0,0.0787412
40730001,1,0.38095
40740001,0,0.135046
40750001,1,1.3162
40760001,1,1.56502
40770001,1,2.04258
40780001,0,0.505411
40790001,1,1.78428
40800001,0,0.080749
40810001,0,0.41982
40820001,0,4.52252
40830001,0,0.215731
40840001,1,0.479903
40850001,4,1.81715
40860001,0,0.00644208
40870001,0,0.306759
40880001,0,0.0154164
40890001,0,0.701409
40900001,1,0.598955
40910001,0,0.0158542
40920001,1,2.02215
40930001,0,0.0361436
40940001,0,0.520433
40950001,0,0.643511
40960001,2,3.6936
40970001,1,1.55656
40980001,1,0.525563
40990001,0,1.44704
41000001,0,0.0519642
41010001,1,0.419899
41020001,1,0.474853
41030001,0,0.942927
41040001,1,1.44891
41050001,1,1.21069
41060001,1,1.13351
41070001,1,3.24027
41080001,0,0.23386
41090001,1,0.585712
41100001,1,3.85534
41110001,0,0.282331
41120001,0,0.142396
41130001,1,0.106131
41140001,0,0.238937
41150001,2,0.724198
41160001,0,1.03517
41170001,1,3.25516
41180001,1,0.967021
41190001,0,0.0403066
41200001,1,1.77901
41210001,1,0.922304
41220001,1,0.672183
41230001,2,1.93387
41240001,1,1.41545
41250001,0,0.0671554
41260001,2,0.120386
41270001,0,0.269524
41280001,3,1.14876
41290001,1,0.295164
41300001,0,0.516155
41310001,1,1.96177
41320001,0,0.0156702
41330001,0,0.632801
41340001,1,0.435822
41350001,1,0.88514
41360001,0,0.0379682
41370001,0,0.0761076
41380001,4,3.32938
41390001,0,0.877353
41400001,1,1.13557
41410001,0,1.11072
41420001,1,1.70017
41430001,1,2.88922
41440001,1,1.69312
41450001,1,0.788364
41460001,2,0.578121
41470001,0,0.65964
41480001,4,0.207502
41490001,0,0.745998
41500001,0,1.33882
41510001,1,1.77596
41520001,2,0.243114
41530001,3,1.84144
41540001,0,0.129021
41550001,0,0.77205
41560001,1,1.54115
41570001,0,0.140248
41580001,1,0.662253
41590001,2,1.31579
41600001,0,0.379408
41610001,3,1.94833
41620001,1,1.32485
41630001,0,0.657486
41640001,0,0.134156
41650001,1,1.53959
41660001,1,0.184171
41670001,0,0.150254
41680001,0,0.193513
41690001,0,0.198482
41700001,3,3.00867
41710001,0,0.826703
41720001,0,2.98408
41730001,1,2.74671
41740001,1,1.85407
41750001,1,0.121716
41760001,0,0.244269
41770001,1,2.54024
41780001,1,0.786656
41790001,2,1.64039
41800001,0,0.608155
41810001,0,0.600012
41820001,0,0.550525
41830001,0,0.283384
41840001,2,1.29435
41850001,0,2.45309
41860001,0,0.507858
41870001,1,2.6397
41880001,0,0.248117
41890001,1,1.52932
41900001,1,1.27139
41910001,0,1.8349
41920001,0,0.242641
41930001,1,1.52113
41940001,0,0.145818
41950001,0,0.982535
41960001,1,1.3289
41970001,2,0.515132
41980001,3,1.05939
41990001,0,2.83218
42000001,0,0.488965
42010001,2,0.845192
42020001,2,1.76488
42030001,0,1.46772
42040001,0,0.195075
42050001,0,0.323274
42060001,0,0.0559826
42070001,0,0.992144
42080001,0,0.187897
42090001,2,0.677658
42100001,2,1.60024
42110001,3,3.8202
42120001,3,2.90304
42130001,1,2.32628
42140001,1,0.165789
42150001,0,0.0572265
42160001,0,0.0697037
42170001,0,0.143971
42180001,0,3.5097
42190001,1,0.242637
42200001,0,0.187643
42210001,1,2.90988
42220001,4,0.200986
42230001,1,2.01245
42240001,0,1.09269
42250001,1,1.21729
42260001,0,0.815062
42270001,6,0.615835
42280001,1,0.664077
42290001,2,3.61189
42300001,1,1.88278
42310001,0,0.34197
42320001,2,2.87941
42330001,0,2.71907
42340001,3,2.19596
42350001,1,0.139128
42360001,2,0.272206
42370001,1,0.465126
42380001,1,0.129219
42390001,0,0.305142
42400001,2,1.10323
42410001,2,5.08157
42420001,1,1.91116
42430001,0,2.37831
42440001,0,0.304372
42450001,2,0.6163
42460001,0,1.03967
42470001,0,0.0389274
42480001,0,0.651996
42490001,0,0.0533214
42500001,0,0.549792
42510001,0,2.09815
42520001,2,1.33802
42530001,1,0.602148
42540001,0,0.315537
42550001,3,0.222123
42560001,1,2.50737
42570001,2,0.978066
42580001,0,4.06326
42590001,0,0.390014
42600001,0,0.245698
42610001,1,0.861412
42620001,3,5.37669
42630001,1,1.35776
42640001,5,3.23335
42650001,0,0.241505
42660001,1,1.001
42670001,0,0.606228
42680001,1,0.369813
42690001,2,2.09738
42700001,3,0.778354
42710001,1,1.09847
42720001,2,2.90481
42730001,0,0.796408
42740001,1,1.70977
42750001,1,0.723219
42760001,3,2.20939
42770001,1,0.120152
42780001,1,4.37912
42790001,0,0.195273
42800001,2,0.619812
42810001,0,0.709906
42820001,1,0.230292
42830001,0,0.436335
42840001,1,0.87465
42850001,0,0.0683165
42860001,2,0.228707
42870001,0,0.0317514
42880001,0,0.00785903
42890001,2,0.190638
42900001,4,1.90156
42910001,0,0.514257
42920001,2,2.3555
42930001,0,0.506116
42940001,3,2.31209
42950001,2,2.07547
42960001,0,0.528169
42970001,3,1.695
42980001,0,1.11717
42990001,1,0.160975
43000001,0,1.29312
43010001,2,1.50739
43020001,0,1.38676
43030001,0,1.77369
43040001,2,1.5935
43050001,1,1.76214
43060001,0,2.01393
43070001,2,0.904735
43080001,1,2.35236
43090001,1,0.612423
43100001,0,0.0551913
43110001,0,0.330152
43120001,2,1.20524
43130001,0,0.387704
43140001,0,0.204015
43150001,1,2.05968
43160001,0,1.43555
43170001,3,1.88883
43180001,1,2.02793
43190001,2,0.858139
43200001,1,0.078686
43210001,0,0.298673
43220001,3,2.16538
43230001,0,0.33861
43240001,0,0.343471
43250001,0,0.033024
43260001,3,1.55226
43270001,0,0.601766
43280001,1,0.23965
43290001,0,0.0766695
43300001,0,0.0600214
43310001,1,0.243241
43320001,0,0.259101
43330001,3,0.232784
43340001,4,4.37596
43350001,1,1.51757
43360001,0,0.0206074
43370001,1,1.48289
43380001,0,0.461156
43390001,0,0.0426265
43400001,1,0.588089
43410001,0,0.667941
43420001,0,0.0532624
43430001,0,0.622898
43440001,1,0.64423
43450001,0,0.152888
43460001,0,0.351971
43470001,0,0.0876466
43480001,0,0.418301
43490001,1,1.0501
43500001,0,0.509539
43510001,2,0.294423
43520001,1,1.3275
43530001,1,0.708602
43540001,0,0.311555
43550001,1,1.14026
43560001,0,0.0225551
43570001,1,0.178529
43580001,1,0.86728
43590001,1,1.32015
43600001,1,1.96893
43610001,1,1.32512
43620001,1,2.08502
43630001,1,1.06977
43640001,1,0.587254
43650001,0,1.09619
43660001,0,0.916685
43670001,1,2.7824
43680001,1,0.931901
43690001,2,3.02315
43700001,0,0.894583
43710001,3,1.7892
43720001,0,0.128144
43730001,0,0.349719
43740001,0,0.172059
43750001,2,3.15287
43760001,1,2.8569
43770001,2,1.17025
43780001,0,0.168071
43790001,1,0.691205
43800001,0,1.53689
43810001,0,0.257987
43820001,0,0.380708
43830001,1,0.297955
43840001,0,0.165774
43850001,2,2.29173
43860001,0,0.0605628
43870001,2,0.845354
43880001,1,0.449165
43890001,2,0.830033
43900001,1,0.87212
43910001,0,0.44204
43920001,1,1.92198
43930001,2,3.1892
43940001,0,0.0579794
43950001,4,0.933601
43960001,1,0.774779
43970001,1,1.28598
43980001,3,0.768177
43990001,0,0.147231
44000001,3,3.59697
44010001,0,0.84778
44020001,0,0.789246
44030001,3,1.19936
44040001,1,0.616152
44050001,1,1.57299
44060001,1,1.64722
44070001,0,0.117877
44080001,3,1.22258
44090001,1,0.696608
44100001,4,3.00138
44110001,2,1.38954
44120001,3,2.82486
44130001,1,0.766384
44140001,0,0.452745
44150001,0,0.272878
44160001,1,2.11671
44170001,1,1.3033
44180001,3,0.392127
44190001,1,1.13289
44200001,0,0.495077
44210001,1,2.76499
44220001,2,1.36669
44230001,0,0.376553
44240001,3,4.67309
44250001,1,0.502523
44260001,0,1.23951
44270001,0,1.28969
44280001,1,2.40661
44290001,0,1.06846
44300001,0,0.184185
44310001,0,0.786355
44320001,0,1.64995
44330001,0,0.230653
44340001,1,5.69118
44350001,1,0.68105
44360001,0,0.82407
44370001,1,0.247741
44380001,1,0.92946
44390001,0,0.758035
44400001,1,0.412497
44410001,0,0.55444
44420001,0,0.499819
44430001,0,0.0255367
44440001,0,0.538339
44450001,0,0.0823282
44460001,0,0.00552495
44470001,0,1.14391
44480001,3,0.501911
44490001,0,0.670004
44500001,0,0.541012
44510001,1,0.923928
44520001,1,1.49212
44530001,0,0.40712
44540001,0,1.50272
44550001,1,0.0906547
44560001,3,2.74312
44570001,1,1.83257
44580001,1,0.439809
44590001,1,0.240068
44600001,3,0.476521
44610001,1,0.0629025
44620001,2,2.17174
44630001,2,1.58559
44640001,1,0.948455
44650001,1,0.160935
44660001,0,0.404639
44670001,0,0.392548
44680001,1,0.34185
44690001,1,1.04813
44700001,0,0.208325
44710001,0,0.0460216
44720001,0,0.195358
44730001,2,0.136894
44740001,0,0.243284
44750001,2,3.57649
44760001,1,0.300514
44770001,2,0.933887
44780001,0,1.0748
44790001,1,1.72242
44800001,0,0.762906
44810001,1,0.194378
44820001,1,1.25829
44830001,0,0.304193
44840001,2,1.3464
44850001,1,0.51278
44860001,3,1.02818
44870001,2,0.50474
44880001,0,0.184133
44890001,1,1.26264
44900001,3,3.89376
44910001,0,0.928375
44920001,1,1.92854
44930001,0,0.176609
44940001,1,1.49598
44950001,1,3.47741
44960001,3,0.300371
44970001,1,0.0765317
44980001,2,4.62863
44990001,0,1.13245
45000001,0,1.15609
45010001,0,0.486936
45020001,1,0.998044
45030001,0,0.38412
45040001,0,0.284707
45050001,2,0.530143
45060001,1,0.163939
45070001,3,1.34949
45080001,1,0.422603
45090001,0,0.781022
45100001,1,0.963417
45110001,0,0.233663
45120001,4,1.02892
45130001,0,0.430166
45140001,0,0.767956
45150001,1,0.284445
45160001,0,0.238187
45170001,0,0.577444
45180001,0,0.665945
45190001,0,0.00705133
45200001,2,2.27119
45210001,0,1.46474
45220001,0,0.037872
45230001,2,1.69523
45240001,1,0.0742858
45250001,3,1.3621
45260001,1,0.917578
45270001,0,3.2648
45280001,3,0.0586491
45290001,1,1.29728
45300001,0,1.77958
45310001,2,3.65451
45320001,1,1.889
45330001,0,1.92603
45340001,0,0.269601
45350001,1,0.784232
45360001,3,1.81692
45370001,1,0.280666
45380001,3,3.03467
45390001,1,0.947476
45400001,2,0.673087
45410001,0,0.154357
45420001,0,0.622974
45430001,0,0.0220682
45440001,0,0.531583
45450001,0,1.63067
45460001,1,3.04032
45470001,1,0.146114
45480001,0,0.0524174
45490001,0,1.16536
45500001,1,1.24493
45510001,0,0.866698
45520001,0,0.0236855
45530001,1,0.207408
45540001,0,0.128384
45550001,0,4.34816
45560001,0,4.09528
45570001,0,0.721831
45580001,0,0.242231
45590001,0,0.988563
45600001,0,0.0924955
45610001,0,0.0471182
45620001,0,2.36037
45630001,1,0.853008
45640001,4,5.40171
45650001,0,0.0892439
45660001,0,0.0982125
45670001,1,1.29871
45680001,0,0.325194
45690001,1,0.103761
45700001,0,0.01316
45710001,3,0.881443
45720001,1,2.70981
45730001,1,0.182503
45740001,0,0.306437
45750001,1,0.653098
45760001,1,0.621316
45770001,3,3.8206
45780001,1,0.465492
45790001,0,0.482226
45800001,1,2.19519
45810001,2,1.91128
45820001,1,0.136367
45830001,1,1.08325
45840001,2,1.20593
45850001,0,0.267305
45860001,1,0.296979
45870001,0,0.374257
45880001,0,3.00689
45890001,1,0.18131
45900001,0,0.352793
45910001,2,1.72841
45920001,3,2.83174
45930001,0,0.107616
45940001,0,0.395455
45950001,0,0.61895
45960001,0,0.980196
45970001,0,0.889922
45980001,1,1.28502
45990001,0,1.79302
46000001,1,3.05593
46010001,0,0.0191859
46020001,0,0.156031
46030001,2,4.32458
46040001,1,0.305401
46050001,0,0.521991
46060001,6,1.40469
46070001,0,0.958981
46080001,0,0.0509149
46090001,1,0.380594
46100001,1,1.03943
46110001,1,1.50779
46120001,0,0.504457
46130001,1,1.95485
46140001,0,0.332727
46150001,0,2.10524
46160001,1,0.947744
46170001,0,0.920648
46180001,3,2.11852
46190001,1,0.342601
46200001,0,0.0355533
46210001,1,0.330009
46220001,0,0.889209
46230001,3,1.17086
46240001,1,4.36389
46250001,0,0.667214
46260001,0,0.404955
46270001,0,0.434312
46280001,1,0.411482
46290001,3,2.56291
46300001,1,3.37262
46310001,5,1.0997
46320001,1,1.96632
46330001,3,5.09769
46340001,0,0.179094
46350001,0,0.251482
46360001,2,1.41964
46370001,4,0.243207
46380001,0,0.031359
46390001,2,0.418444
46400001,1,1.42209
46410001,2,1.8859
46420001,0,0.584879
46430001,1,0.687805
46440001,0,1.36544
46450001,1,0.404377
46460001,0,0.476367
46470001,0,0.952513
46480001,0,0.0165508
46490001,2,0.425159
46500001,0,0.608336
46510001,0,0.288582
46520001,0,0.424963
46530001,0,1.21527
46540001,0,0.716699
46550001,0,2.26892
46560001,0,0.415895
46570001,0,0.0494499
46580001,3,1.1807
46590001,0,0.0550387
46600001,0,0.147794
46610001,2,0.633677
46620001,0,0.1903
46630001,1,3.8449
46640001,1,0.561244
46650001,0,0.188006
46660001,0,0.284848
46670001,1,0.344567
46680001,1,0.886825
46690001,5,2.24859
46700001,1,0.517171
46710001,0,0.604131
46720001,1,0.400552
46730001,1,0.0597725
46740001,0,2.15338
46750001,1,0.738993
46760001,3,1.95762
46770001,0,0.146978
46780001,0,0.0203091
46790001,1,1.24006
46800001,0,0.0218198
46810001,1,0.48416
46820001,3,8.82184
46830001,2,0.817673
46840001,1,1.79288
46850001,1,1.18492
46860001,1,0.985813
46870001,2,1.37887
46880001,1,1.20488
46890001,1,0.374797
46900001,1,1.60884
46910001,0,0.661126
46920001,1,1.48218
46930001,2,1.54083
46940001,0,0.345641
46950001,0,0.226507
46960001,1,0.882748
46970001,1,0.15616
46980001,1,0.671993
46990001,0,0.268816
47000001,0,0.1618
47010001,1,1.22752
47020001,0,0.786116
47030001,4,1.16779
47040001,2,1.43323
47050001,1,1.45107
47060001,0,0.554488
47070001,1,0.703998
47080001,3,1.22031
47090001,1,2.98953
47100001,1,1.36329
47110001,0,0.995321
47120001,0,0.395175
47130001,0,0.988706
47140001,1,0.0735517
47150001,2,1.058
47160001,3,1.35381
47170001,3,0.116403
47180001,3,0.785102
47190001,3,0.19991
47200001,1,3.25416
47210001,0,1.22108
47220001,2,0.278161
47230001,1,2.38764
47240001,2,2.07966
47250001,0,0.0484606
47260001,1,1.56209
47270001,1,2.75175
47280001,0,2.53594
47290001,3,1.66855
47300001,1,0.945115
47310001,3,0.898913
47320001,4,1.30346
47330001,1,0.896922
47340001,1,0.218885
47350001,0,0.795936
47360001,3,0.499936
47370001,1,2.99861
47380001,3,0.400697
47390001,1,1.56975
47400001,1,0.9535
47410001,1,0.619678
47420001,1,1.59123
47430001,1,0.096744
47440001,0,0.104921
47450001,1,3.87395
47460001,2,0.258503
47470001,0,0.395176
47480001,0,0.0475006
47490001,1,0.223558
47500001,5,2.50755
47510001,1,0.892915
47520001,2,2.66008
47530001,1,0.462779
47540001,1,1.15534
47550001,4,1.84636
47560001,1,0.876792
47570001,1,1.65464
47580001,0,0.116405
47590001,0,3.91288
47600001,4,1.55991
47610001,0,0.317371
47620001,0,0.244634
47630001,0,1.51109
47640001,2,0.238005
47650001,1,1.58331
47660001,0,3.92079
47670001,2,0.0772663
47680001,0,0.253207
47690001,1,1.58047
47700001,0,0.171507
47710001,3,4.14655
47720001,1,0.479012
47730001,3,0.428125
47740001,2,0.529045
47750001,0,3.15377
47760001,1,0.686629
47770001,0,0.0456501
47780001,0,0.825929
47790001,0,0.0596465
47800001,0,0.30651
47810001,0,0.0359833
47820001,2,5.88777
47830001,0,0.320807
47840001,0,0.285198
47850001,1,1.06516
47860001,0,0.455359
47870001,2,0.273023
47880001,0,0.792412
47890001,1,1.35262
47900001,3,0.765444
47910001,0,1.91221
47920001,0,2.1622
47930001,1,0.106993
47940001,2,1.52727
47950001,0,0.824534
47960001,2,3.59243
47970001,1,0.111651
47980001,3,0.367901
47990001,0,0.174244
48000001,0,0.906592
48010001,0,0.0536541
48020001,3,1.34526
48030001,0,0.79755
48040001,0,0.16876
48050001,0,1.47534
48060001,1,0.279723
48070001,2,0.623973
48080001,0,0.106606
48090001,1,0.09916
48100001,0,1.60543
48110001,0,0.363464
48120001,2,0.0492397
48130001,3,3.46081
48140001,1,1.06031
48150001,1,0.7814
48160001,0,0.0421986
48170001,2,2.7336
48180001,0,1.05655
48190001,1,2.12196
48200001,1,2.04255
48210001,0,3.86766
48220001,1,0.936165
48230001,6,4.51668
48240001,0,1.1835
48250001,2,1.95517
48260001,1,0.998369
48270001,0,0.518854
48280001,3,2.82104
48290001,2,4.04756
48300001,2,0.57186
48310001,0,0.605709
48320001,0,0.469272
48330001,0,0.214467
48340001,0,1.56517
48350001,2,1.7505
48360001,0,0.0536065
48370001,0,0.0913554
48380001,2,2.64756
48390001,0,0.81525
48400001,0,2.03219
48410001,0,0.193147
48420001,2,0.649527
48430001,0,0.394041
48440001,1,0.832707
48450001,0,0.56024
48460001,0,0.997663
48470001,3,1.04391
48480001,1,0.126197
48490001,0,0.0188602
48500001,1,1.38715
48510001,0,0.660037
48520001,0,0.112179
48530001,1,0.910209
48540001,1,0.286207
48550001,2,0.514661
48560001,2,0.24794
48570001,2,1.33226
48580001,1,0.704392
48590001,0,0.373579
48600001,0,0.64158
48610001,3,0.880594
48620001,2,0.611249
48630001,0,5.13519
48640001,0,0.187485
48650001,0,0.311267
48660001,0,0.457564
48670001,1,2.23103
48680001,0,0.608799
48690001,1,1.37002
48700001,2,1.03206
48710001,0,0.505593
48720001,1,0.795654
48730001,1,1.18484
48740001,2,0.469748
48750001,2,0.553112
48760001,3,0.409611
48770001,1,0.123083
48780001,0,0.290417
48790001,0,0.430291
48800001,0,0.327213
48810001,1,1.3471
48820001,0,0.143193
48830001,2,1.56119
48840001,0,0.656953
48850001,1,0.155181
48860001,0,0.0703133
48870001,1,1.51104
48880001,1,1.26209
48890001,1,1.11404
48900001,3,0.370074
48910001,1,0.26521
48920001,0,0.122126
48930001,0,0.636061
48940001,1,1.9184
48950001,0,0.0969888
48960001,0,1.32325
48970001,1,2.61482
48980001,2,0.0797426
48990001,0,1.19752
49000001,1,0.782092
49010001,0,0.703353
49020001,2,1.12932
49030001,0,0.892308
49040001,1,0.0455238
49050001,1,1.10647
49060001,1,0.793026
49070001,0,0.150836
49080001,0,0.630832
49090001,4,2.34122
49100001,0,0.218441
49110001,2,1.607
49120001,0,0.296106
49130001,3,1.56817
49140001,1,1.67264
49150001,1,0.876497
49160001,2,0.481919
49170001,3,0.872817
49180001,0,0.000895764
49190001,0,0.356456
49200001,1,1.06719
49210001,1,1.05901
49220001,1,0.514968
49230001,0,0.0478135
49240001,0,0.219035
49250001,0,0.970742
49260001,2,1.70418
49270001,2,0.541947
49280001,4,0.222747
49290001,0,0.231124
49300001,2,0.253138
49310001,0,0.651911
49320001,0,0.54932
49330001,1,0.458211
49340001,2,0.696674
49350001,0,1.82899
49360001,0,0.0164948
49370001,2,1.42358
49380001,1,1.5935
49390001,0,0.0386872
49400001,2,0.477834
49410001,0,0.648222
49420001,2,4.39856
49430001,0,0.563588
49440001,1,0.46715
49450001,1,1.76082
49460001,2,0.791191
49470001,2,1.36257
49480001,0,0.903648
49490001,1,1.59429
49500001,0,0.0160451
49510001,1,1.11836
49520001,0,0.0407777
49530001,0,0.364754
49540001,2,2.13045
49550001,2,1.9225
49560001,0,0.243256
49570001,0,0.0377596
49580001,0,1.12173
49590001,2,0.488229
49600001,0,0.0936997
49610001,2,2.55191
49620001,1,0.409755
49630001,2,1.2826
49640001,1,1.52311
49650001,2,1.2789
49660001,1,1.84919
49670001,0,1.89892
49680001,2,1.26321
49690001,0,0.00898245
49700001,0,0.979782
49710001,0,1.19568
49720001,0,0.00359348
49730001,0,0.622997
49740001,1,0.990374
49750001,1,0.350641
49760001,3,1.08045
49770001,0,2.11228
49780001,3,1.65829
49790001,1,2.18752
49800001,1,0.909626
49810001,0,2.03695
49820001,2,0.323713
49830001,1,0.816546
49840001,0,0.0651208
49850001,0,0.525842
49860001,0,0.140106
49870001,1,0.50939
49880001,0,1.09939
49890001,1,2.74544
49900001,0,0.416419
49910001,1,0.438799
49920001,0,0.888474
49930001,0,2.04094
49940001,1,0.558876
49950001,2,0.42195
49960001,1,0.679436
49970001,0,0.181348
49980001,0,0.0182701
49990001,2,0.413591
